title,company,location,count,Job,JobType
Data Scientist,Valassis Digital,"Morrisville, NC",1,Job_1,Junior
Data Scientist,Seen by Indeed,"Chicago, IL",1,Job_2,Junior
Data Scientist,"OptivityX,LLC","Conshohocken, PA",1,Job_3,Junior
Data Scientist,Central Intelligence Agency,"Washington, DC",1,Job_4,Junior
Data Scientist,Jar House,"Atlanta, GA",1,Job_5,Junior
Data Scientist,red violet,"Seattle, WA",1,Job_6,Junior
Data Scientist,Echo Global Logistics,"Chicago, IL",1,Job_7,Junior
Data Scientist - Entry Level,Numerdox,"Sacramento, CA",1,Job_8,Entry
Entry Level - Associate Data Scientist,IBM,NA,1,Job_9,Entry
Data Scientist (Jr),Numero Data LLC,"Herndon, VA",1,Job_10,Junior
Data Scientist,Skylight,NA,1,Job_11,Junior
Entry Level Data Scientist,IBM,NA,1,Job_12,Entry
Data Scientist - Santa Clara/Charlotte,LeanTaaS,"Charlotte, NC",1,Job_13,Junior
Data Scientist,Cincinnati Reds,"Cincinnati, OH",1,Job_14,Junior
Junior Data Scientist - New York City,IBM,"New York, NY",1,Job_15,Junior
AML Data Scientist,Bank of America,"Charlotte, NC",1,Job_16,Junior
2020 Intern - Data Scientist Intern/Coop (EO&S),IBM,"Research Triangle Park, NC",1,Job_17,Entry
Data Scientist,BestReviews,"San Francisco, CA",1,Job_18,Junior
Data Scientist,Capital Lighting Fixture Company,"Flowery Branch, GA",1,Job_19,Junior
Data Scientist 1,Oracle,NA,1,Job_20,Junior
Data Scientist,1Thread,NA,1,Job_21,Junior
Data Scientist - Virtual,BCD Travel Corporate,"Atlanta, GA",1,Job_22,Junior
Data Scientist I,Bank of America,"Charlotte, NC",1,Job_23,Junior
Full Time Opportunities for Students or Recent Graduates: Da...,Microsoft,"Redmond, WA",1,Job_24,Junior
Data Scientist,Degreed,NA,1,Job_25,Junior
Data Scientist,Digitalogy,"New York, NY",1,Job_26,Junior
Data Scientist I,LexisNexis,"Raleigh, NC",1,Job_27,Junior
Data Scientist,Yang2020,"New York, NY",1,Job_28,Junior
"Data Scientist, Engineering",Google,"San Francisco, CA",1,Job_29,Junior
Junior Data Scientist - R / Python - Data Mining / Statistic...,REPAY,"Atlanta, GA",1,Job_30,Junior
Health Scientist (Data Scientist),Centers for Disease Control and Prevention,"Atlanta, GA",1,Job_31,Junior
Data Scientist (Entry Level),Strike Social,"Chicago, IL",1,Job_32,Entry
Data Scientist - Entry Level,Customer Value Partners,"Washington, DC",1,Job_33,Entry
Associate Data Scientist SNKRS,Nike,"New York, NY",1,Job_34,Junior
Data Scientist,Meridian Technology Group,"Atlanta, GA",1,Job_35,Junior
Jr. Data Scientist,SConcept,"New York, NY",1,Job_36,Junior
Data Scientist,Cyient,"Pittsburgh, PA",1,Job_37,Junior
Data Scientist | NPL | Machine Learning,SILVERLINK TECHNOLOGIES LLC,"Raleigh, NC",1,Job_38,Junior
Senior Data Scientist,Avancer Corporation,"Charlotte, NC",1,Job_39,Senior
Data Scientist,SunTrust,"Charlotte, NC",1,Job_40,Junior
Data Scientist,Radiant Digital,"Ashburn, VA",1,Job_41,Junior
Data Scientist – Natural Language Processing,"Conceptualeyes, LLC","Seattle, WA",1,Job_42,Junior
Data Scientist,Gallup,"Atlanta, GA",1,Job_43,Junior
Sr. Data Scientist,Hire IT People,"Raleigh, NC",1,Job_44,Senior
Data Scientist,"Discovery Communications, LLC","Bellevue, WA",1,Job_45,Junior
NLP Data Scientist,Radiology Partners,"Columbus, OH",1,Job_46,Junior
Data Scientist,Pearson,"Durham, NC",1,Job_47,Junior
Data Scientist,"U.S. Xpress Enterprises, Inc.","Atlanta, GA",1,Job_48,Junior
Data Scientist,Honey,"Boulder, CO",1,Job_49,Junior
Network Engineering Security Analytics Data Scientist,IBM,"Research Triangle Park, NC",1,Job_50,Junior
Computer Scientist (Data Scientist),Centers for Disease Control and Prevention,"Atlanta, GA",1,Job_51,Junior
Principal Data Scientist,Verizon,"Alpharetta, GA",1,Job_52,Junior
Data Scientist,CharterUP,"Atlanta, GA",1,Job_53,Junior
Senior Data Scientist,Lateral Systems INC,"Atlanta, GA",1,Job_54,Senior
Data Scientist,Unsupervised,"Boulder, CO",1,Job_55,Junior
Data Scientist,IBM,NA,1,Job_56,Junior
Exposure Data Scientist at EPA,Yale New Haven Health,"Research Triangle Park, NC",1,Job_57,Junior
JDAT - Data Scientist,BestReviews,"New Haven, CT",1,Job_58,Junior
Data Scientist,Valassis Digital,"San Francisco, CA",1,Job_59,Junior
Data Scientist,Capital Lighting Fixture Company,"Morrisville, NC",1,Job_60,Junior
"Data Scientist, New Graduate (2020)",Duolingo,"Pittsburgh, PA",1,Job_61,Junior
"Data Scientist, Engineer",ATI,"Monroe, NC",1,Job_62,Junior
"Data Scientist, Junior",Booz Allen Hamilton,"Alexandria, VA",1,Job_63,Junior
Data Scientist,Systems Soft Technologies,"Orlando, FL",1,Job_64,Junior
Data Scientist,Tekcogono,"Jersey, GA",1,Job_65,Junior
Data Scientist - Sports,Zelus Analytics,"Austin, TX",1,Job_66,Junior
"Data Scientist, Machine Learning",Metabolon,"Durham, NC",1,Job_67,Junior
Junior Machine Learning Engineer / Data Scientist,Fareportal Inc.,"New York, NY",1,Job_68,Junior
Data Scientist / Analyst,Smartlocating Corporation,NA,1,Job_69,Junior
Data Scientist - 64411BR,AETNA,"New York, NY",1,Job_70,Junior
Data Scientist (NC),Tiger Analytics,"Charlotte, NC",1,Job_71,Junior
Jr. Data Scientist,Viacom,"New York, NY",1,Job_72,Junior
Data Scientist,Beghou Consulting,NA,1,Job_73,Junior
Data Scientist,N C Q A,"Washington, DC",1,Job_74,Junior
Data Scientist,Billy Casper Golf,"Reston, VA",1,Job_75,Junior
"data scientist, Insights & Analytics - Seattle, WA",Starbucks,"Seattle, WA",1,Job_76,Junior
Data Scientist,Source Enterprises,"New York, NY",1,Job_77,Junior
Data Classification Specialist,Idiomatic,"Louis, MO",1,Job_78,Junior
Data Scientist,PrecisionGx,NA,1,Job_79,Junior
Junior Data Scientist,Spin Systems,"Charleston, SC",1,Job_80,Junior
Data Scientist,Kaplan,NA,1,Job_81,Junior
Data Scientist,Government of the District of Columbia,"Washington, DC",1,Job_82,Junior
Data Scientist,Citi,"New York, NY",1,Job_83,Junior
Data Scientist (Summer Intern),Coupang,"Mountain View, CA",1,Job_84,Entry
Data Scientist,TechnologyAdvice,"Nashville, TN",1,Job_85,Junior
DATA SCIENTIST,BlueCross BlueShield of South Carolina,"Columbia, SC",1,Job_86,Junior
Data Scientist,UCLA Health,"Los Angeles, CA",1,Job_87,Junior
Healthcare Data Scientist,ClosedLoop.ai,"Austin, TX",1,Job_88,Junior
Data Scientist 2/3 - Secret,Cleared Recruiters,"Chantilly, VA",1,Job_89,Junior
"Data Scientist, Entity Resolution and Data Linking",Equifax,"Alpharetta, GA",1,Job_90,Junior
Data Scientist,Cognistx,"Pittsburgh, PA",1,Job_91,Junior
"Internships, Data Strategy/Data Science- Summer 2020",SILVERLINK TECHNOLOGIES LLC,NA,1,Job_92,Entry
Senior Data Scientist,Charles River Laboratories,"Atlanta, GA",1,Job_93,Senior
Data Review Scientist,UNC-Chapel Hill,"Newark, DE",1,Job_94,Junior
Statistician Investigator,red violet,"Chapel Hill, NC",1,Job_95,Junior
Data Scientist,"OptivityX,LLC","Seattle, WA",1,Job_96,Junior
Data Scientist,Valassis Digital,"Conshohocken, PA",1,Job_97,Junior
Data Scientist,Jar House,"Morrisville, NC",1,Job_98,Junior
"Director, Data Science",Benefitfocus,"Charleston, SC",1,Job_99,Junior
Data Scientist/Data Analyst,Plexus Scientific Corporation,"Washington, DC",1,Job_100,Junior
Co-op: Human Performance/EHS Data Scientist,Biogen,"Research Triangle Park, NC",1,Job_101,Junior
Data Scientist,ManTech International Corporation,"Herndon, VA",1,Job_102,Junior
ATEP - Data Scientist,"Apogee Engineering, LLC","Langley AFB, VA",1,Job_103,Junior
"Associate Data Scientist, Consumer Analytics",Ally Financial Inc.,"Charlotte, NC",1,Job_104,Junior
Associate Data Scientist (Full Time Starting Summer 2020),EAB,"Washington, DC",1,Job_105,Junior
Data Scientist 1,Bank of America,"Charlotte, NC",1,Job_106,Junior
Data Scientist,Ally Financial Inc.,"Charlotte, NC",1,Job_107,Junior
Data Scientist,UNC Greensboro,"Greensboro, NC",1,Job_108,Junior
Data Scientist,Jnit Technologies,"San Jose, CA",1,Job_109,Junior
Junior Data Scientist - Client Facing,IBM,NA,1,Job_110,Junior
Entry-Level) Data Scientist,Evolent Health,"Chicago, IL",1,Job_111,Entry
Marketing Data Mining Scientist,Chase Bank,"Columbus, OH",1,Job_112,Junior
"Data Scientist Intern, Boston",Spacemaker,"Boston, MA",1,Job_113,Entry
Data Scientist - Batteries,Apple,"Santa Clara Valley, CA",1,Job_114,Junior
Data Scientist,Blue Cross Blue Shield of North Carolina,"Durham, NC",1,Job_115,Junior
Data Scientist,ISE Data Systems,"Reston, VA",1,Job_116,Junior
Data Scientist,Paylocity,NA,1,Job_117,Junior
Data Scientist – Generalist,ODSC Hiring Partner,"San Francisco Bay Area, CA",1,Job_118,Junior
Data Scientist,"OneSource IT, Inc.","Reston, VA",1,Job_119,Junior
Data Scientist,General Dynamics Information Technology,"Chantilly, VA",1,Job_120,Junior
Data Scientist,Colsh Consultants,NA,1,Job_121,Junior
Data Scientist,Pivotal Software,"New York, NY",1,Job_122,Junior
Data Scientist,Next Level Resources,"Hartford, CT",1,Job_123,Junior
Data Scientist Analyst,Optimal,"Dearborn, MI",1,Job_124,Junior
Data Scientist-Remote,"SemanticBits, LLC","Herndon, VA",1,Job_125,Junior
Data Scientist,Oath Inc,"Champaign, IL",1,Job_126,Junior
"Data Scientist, New Graduate (2020)",Duolingo University Programs,"Pittsburgh, PA",1,Job_127,Junior
Data Scientist - Hux,Deloitte,"Greensboro, NC",1,Job_128,Junior
Data Scientist (Full Time) - United States,Cisco Careers,"San Jose, CA",1,Job_129,Junior
Federal - Data Scientist,Accenture,"Washington, DC",1,Job_130,Junior
Data Scientist,LOCKHEED MARTIN CORPORATION,"Fort Worth, TX",1,Job_131,Junior
Data Scientist,aThingz Inc.,"Southfield, MI",1,Job_132,Junior
Data Scientist,Perpay Inc.,"Philadelphia, PA",1,Job_133,Junior
Principal Data Scientist – Data Sciences & Prevention Biomar...,ODSC Hiring Partner,"San Francisco Bay Area, CA",1,Job_134,Junior
Data Scientist,Meduit,"Charlotte, NC",1,Job_135,Junior
Senior Data Scientist - Sports,Zelus Analytics,"Austin, TX",1,Job_136,Senior
Data Scientist,"Armaments Research Company, Inc.","Washington, DC",1,Job_137,Junior
"Data Scientist, Analytics (University Grad)",Facebook,"New York, NY",1,Job_138,Junior
Computational Scientist – Physics based identification of an...,National Renewable Energy Laboratory,NA,1,Job_139,Junior
Data Scientist,Gap Inc.,"San Francisco, CA",1,Job_140,Junior
Data Scientist,NBCUniversal,"Beverly Hills, CA",1,Job_141,Junior
Data Scientist,Avancer Corporation,"East Liberty, OH",1,Job_142,Junior
Data Scientist,Dhanutek,"Research Triangle Park, NC",1,Job_143,Junior
Data Scientist,NetOrbit,"Atlanta, GA",1,Job_144,Junior
Engineering Data Scientist,Delphinus Engineering,"Philadelphia, PA",1,Job_145,Junior
Data Scientist,"World Wide Technology, Inc.",NA,1,Job_146,Junior
V.I.E. - Data Scientist,SCOR,"Charlotte, NC",1,Job_147,Junior
Data Science Consultant,Numerodata LLC,"Herndon, VA",1,Job_148,Junior
Data Scientist,Concur Technologies,"Bellevue, WA",1,Job_149,Junior
Data Scientist,"NextQA, Inc","Woodlawn, MD",1,Job_150,Junior
Data Engineer,DGN Technologies,"Sunnyvale, CA",1,Job_151,Junior
Data Scientist - Support Engineer,JP Morgan Chase,"Newark, DE",1,Job_152,Junior
Data Scientist (Machine Learning),Lat. Inc.,"Reston, VA",1,Job_153,Junior
Data Scientist,Dow Jones,"New York, NY",1,Job_154,Junior
"Data Scientist, Marketplace – all levels",Spotify,"New York, NY",1,Job_155,Junior
Data Scientist,IBM,"Knoxville, TN",1,Job_156,Junior
Data Scientist,CACI,"Sandy Springs, GA",1,Job_157,Junior
Data Scientist,Facebook,"Chantilly, VA",1,Job_158,Junior
Data Scientist,Echo Global Logistics,"Seattle, WA",1,Job_159,Junior
Data Scientist,BestReviews,"Chicago, IL",1,Job_160,Junior
Data Scientist,Jar House,"San Francisco, CA",1,Job_161,Junior
Data Scientist,"OptivityX,LLC","Atlanta, GA",1,Job_162,Junior
Data Scientist,Capital Lighting Fixture Company,"Conshohocken, PA",1,Job_163,Junior
Data Scientist,Seen by Indeed,"Flowery Branch, GA",1,Job_164,Junior
Data Scientist,Valassis Digital,"Chicago, IL",1,Job_165,Junior
Data Scientist,Lat. Inc.,"Morrisville, NC",1,Job_166,Junior
Data Scientist I,"Interos, Inc.","Arlington, VA",1,Job_167,Junior
Snowflake Data Scientist,Sense Corp,"Louis, MO",1,Job_168,Junior
Data Scientist,"Noise Consulting Group, Inc","Saint Charles, MO",1,Job_169,Junior
Data Scientist - 30 hours per week,JOIN Inc.,"Carson City, NV",1,Job_170,Junior
Sr. Data Scientist,IXIS Digital,"Burlington, VT",1,Job_171,Senior
Senior Data Scientist - Experimental Design,Allstate,"Charlotte, NC",1,Job_172,Senior
Senior Data Scientist,Mission Lane,"Richmond, VA",1,Job_173,Senior
Data Scientist - IoT (Chicago),Relayr,"Chicago, IL",1,Job_174,Junior
Data Scientist (Database Administrator),"Orange County Government, Florida","Orlando, FL",1,Job_175,Junior
Data Scientist,Booz Allen Hamilton,"Arlington, VA",1,Job_176,Junior
Data Scientist,"Amazon Web Services, Inc.","Baltimore, MD",1,Job_177,Junior
"Data Scientist, Mid",Booz Allen Hamilton,"San Diego, CA",1,Job_178,Junior
Jr. Data Scientist- Data Science Development Program,MassMutual,"Amherst, MA",1,Job_179,Junior
Data Scientist,TechMileage Software Solutions,"Long Beach, CA",1,Job_180,Junior
"Data Scientist, Intern (2020)",Duolingo,"Pittsburgh, PA",1,Job_181,Entry
Data Scientist,Desh Technology Inc.,"New York, NY",1,Job_182,Junior
Data Scientist,4th-IR,"New York, NY",1,Job_183,Junior
Data Scientist,"Amazon.com Services, Inc.","Austin, TX",1,Job_184,Junior
Data Scientist,Booz Allen Hamilton,"Washington, DC",1,Job_185,Junior
Data Scientist Intern - Pricing Strategy and Analytics,HP,"San Diego, CA",1,Job_186,Entry
Data Analyst / Data Scientist,Ace-stack LLC,"San Jose, CA",1,Job_187,Junior
Data Scientist,Beyond Outsourcing Inc.,"Atlanta, GA",1,Job_188,Junior
Data Scientist,Change Research,"Palo Alto, CA",1,Job_189,Junior
Data Scientist,Qualia Investments,"New York, NY",1,Job_190,Junior
Data Scientist,Blue Owl,"San Francisco, CA",1,Job_191,Junior
Geo-spatial Data Scientist,State of South Carolina,"Columbia, SC",1,Job_192,Junior
Senior Data Scientist,Discovery,"Sterling, VA",1,Job_193,Senior
Data Scientist - (Brickell),Reef Kitchens,"Miami, FL",1,Job_194,Junior
"Senior Director, Data Scientist - Client Operations",W2O,"New York, NY",1,Job_195,Senior
NASA SMAEC Data Scientist,SAIC,"Houston, TX",1,Job_196,Junior
Biostatistician/Data Scientist,Gateway Institute for Brain Research,"Davie, FL",1,Job_197,Junior
Data Scientist (2 opportunities) Georgetown University's Sch...,Georgetown University,"Washington, DC",1,Job_198,Junior
Data Scientist,Tier2Tek,"Denver, CO",1,Job_199,Junior
Data Scientist,US Department of Justice,"Washington, DC",1,Job_200,Junior
Data Scientist,Metronome LLC,"Vienna, VA",1,Job_201,Junior
Data Scientist/Machine Learning Expert - FT,SphereOI Studios,"McLean, VA",1,Job_202,Junior
Genomic Data Scientist,GSK,"Collegeville, PA",1,Job_203,Junior
Data Scientist,Perspecta,"Washington, DC",1,Job_204,Junior
Associate Data Scientist (BS / MS),ExxonMobil,"Spring, TX",1,Job_205,Junior
Data Scientist,Equinox Consulting Partners LLC,"Richmond, VA",1,Job_206,Junior
Data Scientist,Saama Technologies Inc,"West, TX",1,Job_207,Junior
Data Scientist 2,Battelle,"Columbus, OH",1,Job_208,Junior
Big Data Engineer,Warner Bros Careers,"Atlanta, GA",1,Job_209,Junior
Data Scientist,PrecisionLender,"Charlotte, NC",1,Job_210,Junior
Machine Learning Developer / Data Scientist,Ellucian,"Reston, VA",1,Job_211,Junior
Data Scientist I,Sierra Nevada Corporation,"Herndon, VA",1,Job_212,Junior
Data Scientist (Database Administrator),Orange County Government,"Orlando, FL",1,Job_213,Junior
Data Scientist,Inspire Brands,"Atlanta, GA",1,Job_214,Junior
Data Scientist,Physera,NA,1,Job_215,Junior
"Data Scientist, Analytics, Intern",Facebook,"New York, NY",1,Job_216,Entry
Junior Data Scientist - Client Technical Specialist,IBM,"Austin, TX",1,Job_217,Junior
2020 PhD University Graduate - Data Scientist - Uber Eats (N...,Uber,"New York, NY",1,Job_218,Junior
Jr. Data Scientist,Deloitte,"Arlington, VA",1,Job_219,Junior
Data Scientist,National Security Agency,"Fort Meade, MD",1,Job_220,Junior
Data Scientist I,GovStrive LLC,"Atlanta, GA",1,Job_221,Junior
Data Scientist,Nespon IT Services,"Farmers Branch, TX",1,Job_222,Junior
Data Scientist,RISIRISA,"New York, NY",1,Job_223,Junior
Data Scientist,Callidus Inc,"Pennington, NJ",1,Job_224,Junior
Data Scientist,Proofpoint,"Sunnyvale, CA",1,Job_225,Junior
Data Scientist,Lenovo,"Morrisville, NC",1,Job_226,Junior
Junior Data Scientist,Logistics Management Institute,"Tysons, VA",1,Job_227,Junior
Data Scientist,Smartling,"New York, NY",1,Job_228,Junior
Data Scientist Stf,LOCKHEED MARTIN CORPORATION,"Fort Worth, TX",1,Job_229,Junior
SENIOR DATA SCIENTIST,IXIS,"Burlington, VT",1,Job_230,Senior
Sr. Data Scientist,Red Berry Innovations,"Omaha, NE",1,Job_231,Senior
2020 Intern - Data Scientist,IBM,NA,1,Job_232,Entry
Jr. Data Scientist,Shutterfly,"Redwood City, CA",1,Job_233,Junior
AvMed Junior Data Scientist,AvMed Health Plans,"Gainesville, FL",1,Job_234,Junior
Graduate Studies Program - Data Scientist,Central Intelligence Agency,"Washington, DC",1,Job_235,Junior
"Data Scientist, Basketball Integrity",the NBA,"New York, NY",1,Job_236,Junior
"Data Scientist, Operations Decision Science",Delta Air Lines,"Atlanta, GA",1,Job_237,Junior
Data Scientist,kraken,"San Francisco, CA",1,Job_238,Junior
Data Scientist - Experimentation,Apple,"Seattle, WA",1,Job_239,Junior
Bioninformatics/Genomics Data Scientist,"Signature Science, LLC","Charlottesville, VA",1,Job_240,Junior
Data Scientist 1,Siemens,NA,1,Job_241,Junior
"Data Scientist, PhD University Graduate, 2020 Start",Google,"Mountain View, CA",1,Job_242,Junior
Data Scientist,HyperspaceVentures,"Chapel Hill, NC",1,Job_243,Junior
Internship Opportunities for Students: Data & Applied Scienc...,Microsoft,"Redmond, WA",1,Job_244,Entry
Assistant / Associate Scientist - Data Review - Vaccines Lab,PPD,"Richmond, VA",1,Job_245,Junior
Quantum Research Data Scientist,Accenture,"Washington, DC",1,Job_246,Junior
Federal - Data Scientist,Degreed,"Washington, DC",1,Job_247,Junior
Data Scientist,Opendoor,"Redmond, WA",1,Job_248,Junior
Data Scientist (Analytics),"Signature Science, LLC","Los Angeles, CA",1,Job_249,Junior
Data Scientist,Trunk Club,"Chicago, IL",1,Job_250,Junior
Director of Data Scientist,Zume Inc.,"Mountain View, CA",1,Job_251,Junior
Data Scientist,Aegis Premier Technologies,"Westminster, CO",1,Job_252,Junior
Data Scientist- Secret Clearance,Deloitte,"Rosslyn, VA",1,Job_253,Junior
Data Scientist,Techouts Inc,"Detroit, MI",1,Job_254,Junior
Data Scientist I,Battelle,"Columbus, OH",1,Job_255,Junior
Data Scientist,Zioqu,"San Diego, CA",1,Job_256,Junior
Data Scientist,Employment Placement Agency,"Irving, TX",1,Job_257,Junior
Data Scientist,Kognetics,"Gahanna, OH",1,Job_258,Junior
Data Scientist- Analytics,Devoted Health,NA,1,Job_259,Junior
Data Scientist,DICK'S Sporting Goods,"Coraopolis, PA",1,Job_260,Junior
Data Scientist,PrecisionLender,"Cary, NC",1,Job_261,Junior
"Data Science Spring 2020 Internships – New York, NY",NBCUniversal,"New York, NY",1,Job_262,Entry
Junior Data Scientist,BerlandTeam,"New York, NY",1,Job_263,Junior
Data Scientist,Pricesenz,"Broomfield, CO",1,Job_264,Junior
Assoc Data Scientist,Collins Aerospace,"Westford, MA",1,Job_265,Junior
Data Scientist,Salford Systems,"San Diego, CA",1,Job_266,Junior
Data Scientist,Assurant,"Atlanta, GA",1,Job_267,Junior
Data Scientist,"Remedy BPCI Partners, LLC.","New York, NY",1,Job_268,Junior
Data Scientist,viagogo,"New York, NY",1,Job_269,Junior
Data & Applied Scientist,Microsoft,"Redmond, WA",1,Job_270,Junior
Junior Data Scientist,SciTec,"Boulder, CO",1,Job_271,Junior
Data Scientist,Pfizer Inc.,"Peapack, NJ",1,Job_272,Junior
2020 University New Hire - Data Scientist/Analytics,Phillips 66,"Houston, TX",1,Job_273,Junior
Data Scientist,arsolinc,"Jersey City, NJ",1,Job_274,Junior
Data Scientist,University of California - Irvine,"Irvine, CA",1,Job_275,Junior
Data Scientist,Quadient,"Raleigh, NC",1,Job_276,Junior
PRINCIPAL DATA SCIENTIST,"Foot Locker, Inc.","Wilmington, NC",1,Job_277,Junior
AI Data Scientist,Grab Taxi,"Bellevue, WA",1,Job_278,Junior
Data Scientist/Specialist,BBVA Compass,"Houston, TX",1,Job_279,Junior
Business Analytics Data Scientist,Carolina Panthers,"Charlotte, NC",1,Job_280,Junior
Data Scientist,LotaData,NA,1,Job_281,Junior
Research Data Scientist,RTI International,"Durham, NC",1,Job_282,Junior
Data Scientist,Gallup,"Washington, DC",1,Job_283,Junior
"Sr. Associate, Data Scientist, NLP",KPMG,"Atlanta, GA",1,Job_284,Senior
Data Scientist,Centauri,"Beavercreek, OH",1,Job_285,Junior
Intermediate/Advanced Data Scientist,Naval Nuclear Laboratory,"West Mifflin, PA",1,Job_286,Junior
"Scientist 3, Entrprs Data & Anlytcs",Comcast,"Dulles, VA",1,Job_287,Junior
DATA SCIENTIST,GEORGIA-PACIFIC,"Atlanta, GA",1,Job_288,Junior
Data Scientist -- DoD Focused,"Blue Arc, LLC","Aberdeen Proving Ground, MD",1,Job_289,Junior
Data Engineer,U.Group,"Washington, DC",1,Job_290,Junior
Data Scientist: Deep Learning & NLP,Allstate,"Bothell, WA",1,Job_291,Junior
Data Scientist,Praxis Engineering,"Chantilly, VA",1,Job_292,Junior
Statistical Programming Intern,PharPoint,"Wilmington, NC",1,Job_293,Entry
Technology Consultant - Data Scientist,"BlueStream Consulting, LLC","Baltimore, MD",1,Job_294,Junior
Data Scientist AI/ML,Technogems Inc,"Herndon, VA",1,Job_295,Junior
"Data Scientist, Advertising","Amazon.com Services, Inc.","New York, NY",1,Job_296,Junior
Data Scientist,The University of North Carolina Greensboro,"Greensboro, NC",1,Job_297,Junior
Data Scientist,RiVi Consulting Group,"New York, NY",1,Job_298,Junior
Title: Data Analyst/Scientist,Next Generation Technology Inc.,"Seattle, WA",1,Job_299,Junior
Data Scientist,California State University,"San Jose, CA",1,Job_300,Junior
Data Scientist,"Amazon.com Services, Inc.","Seattle, WA",1,Job_301,Junior
Data Scientist,Clarigent Health,"Mason, OH",1,Job_302,Junior
Data Scientist,University Hospitals,"Mayfield Heights, OH",1,Job_303,Junior
Data Scientist,SAP,"Bellevue, WA",1,Job_304,Junior
Health Sensing Data Scientist,Apple,"Santa Clara Valley, CA",1,Job_305,Junior
Junior Data Scientist,ANALYTOS,NA,1,Job_306,Junior
Data Scientist - Life Sciences,Argonne National Laboratory,"Lemont, IL",1,Job_307,Junior
Data Scientist,Digi-Me,"Baltimore, MD",1,Job_308,Junior
Data/Financial Scientist,Practice Paradigm,NA,1,Job_309,Junior
Data Scientist - Applied Machine Learning (Search and Text),Apple,"Santa Clara Valley, CA",1,Job_310,Junior
Machine Learning Engineer,Cygnet Infotech Pvt. Ltd,"Phoenix, AZ",1,Job_311,Junior
D3 - Geospatial Data Scientist,Allstate,"Charlotte, NC",1,Job_312,Junior
Data Scientist (aka Data Analyst),Frontline Asset Strategies,"Minneapolis, MN",1,Job_313,Junior
Data Scientist - New Construction,Zillow Group,"Seattle, WA",1,Job_314,Junior
Data Scientist,OneGlobe LLC,"Washington, DC",1,Job_315,Junior
Data Scientist,Ephesoft,"Boise, ID",1,Job_316,Junior
Data Scientist,FourthWall Media,"Sterling, VA",1,Job_317,Junior
Data Scientist,Duolingo,"Pittsburgh, PA",1,Job_318,Junior
Data Scientist,University of California San Francisco,"San Francisco, CA",1,Job_319,Junior
Data Scientist and Visualization Specialist,Apple,"Santa Clara Valley, CA",1,Job_320,Junior
Data Scientist,Polaris Industries,"Minneapolis, MN",1,Job_321,Junior
CCB - Quantitative Modeler / Data Scientist - Associate,JP Morgan Chase,"New York, NY",1,Job_322,Junior
eCommerce Senior Data Scientist,PepsiCo,NA,1,Job_323,Senior
Data Scientist,Customer Value Partners,"Fairfax, VA",1,Job_324,Junior
Data Scientist,Quaxigma,"Schaumburg, IL",1,Job_325,Junior
Data Science & Analytics Intern (Paid) - Summer 2020,BOEING,"Bellevue, WA",1,Job_326,Entry
Data Scientist,Bowery Farming,"New York, NY",1,Job_327,Junior
Data Scientist,Waystar,"Boston, MA",1,Job_328,Junior
Data Scientist I,GM Financial,"Fort Worth, TX",1,Job_329,Junior
Data Scientist,Sprezzatura Management Consulting,"Washington, DC",1,Job_330,Junior
Data Scientist,Ganit,NA,1,Job_331,Junior
Data Scientist,TDMK Digital,"Boston, MA",1,Job_332,Junior
Data Protection Officer,Kimberly-Clark,"Neenah, WI",1,Job_333,Junior
Data Scientist,Vizio Inc.,"San Francisco, CA",1,Job_334,Junior
Applied Data Scientist,Techcyte,NA,1,Job_335,Junior
Data Scientist I,Knowesis Inc.,"Lewis McChord, WA",1,Job_336,Junior
Data Scientist,"Amazon.com Services, Inc.","Herndon, VA",1,Job_337,Junior
Data Scientist - (San Francisco),Reef Kitchens,"Daly City, CA",1,Job_338,Junior
Data Scientist - Sam's Club Technology (a division of Walmar...,Sam's Club,"Bentonville, AR",1,Job_339,Junior
Data Scientist,ZUNA,"Greenwich, CT",1,Job_340,Junior
SWE Data Scientist,Apple,"Santa Clara Valley, CA",1,Job_341,Junior
"Data Scientist, Data & Analytics",Slalom Consulting,"Charlotte, NC",1,Job_342,Junior
Data Scientist/BSA,MatchP Solutions,"Plano, TX",1,Job_343,Junior
MAIDAP Data Scientist- Students and Recent Graduates,Microsoft,"Cambridge, MA",1,Job_344,Junior
Data Scientist,W2O,"Austin, TX",1,Job_345,Junior
"Data Scientist, Customer Operations",Squarespace,"New York, NY",1,Job_346,Junior
Data Scientist,West Virginia University Hospital,"Morgantown, WV",1,Job_347,Junior
Data Scientist,Whizglobal,"Irving, TX",1,Job_348,Junior
Data Integrity Analyst (Data Scientist),Apple,"Santa Clara Valley, CA",1,Job_349,Junior
Data Scientist,Butterfly Network,"New York, NY",1,Job_350,Junior
Data Scientist,Fugenic Engineering Inc,"Detroit, MI",1,Job_351,Junior
Business Data Scientist,"Red Hat, Inc.","Raleigh, NC",1,Job_352,Junior
"Scientist, Data and Analytics Engineering - Data Science",Johnson & Johnson Family of Companies,"Titusville, NJ",1,Job_353,Junior
JUNIOR DATA SCIENTIST,Collins Aerospace,"Rockford, IL",1,Job_354,Junior
Data Scientist,Evalueserve,"Minneapolis-Saint Paul, MN",1,Job_355,Junior
Data Scientist,Alion Science and Technology,"Adelphi, MD",1,Job_356,Junior
Data Scientist 2,Symphony Health Solutions,NA,1,Job_357,Junior
CCB-Risk-Card Modeler/Data Scientist-Associate,JPMorgan Chase & Co.,"Wilmington, DE",1,Job_358,Junior
Senior Data Scientist,Entera,"New York, NY",1,Job_359,Senior
Data Scientist,Novetta,"Herndon, VA",1,Job_360,Junior
Data Scientist,First American,"Santa Ana, CA",1,Job_361,Junior
Data Scientist,rMark Bio,"Chicago, IL",1,Job_362,Junior
Data Scientist,BWX Technologies,"Oak Ridge, TN",1,Job_363,Junior
"Real World Science, Data Scientist",AstraZeneca,"Cambridge, MD",1,Job_364,Junior
DATA SCIENTIST,Spectric Labs,"Oak Hill, VA",1,Job_365,Junior
Data Scientist,"Guru Technologies, Inc.","Philadelphia, PA",1,Job_366,Junior
Data Developer (Data Science),EXFO inc.,"Orlando, FL",1,Job_367,Junior
Data Scientist – Predictive & Prescriptive Analytics,Verizon,"Alpharetta, GA",1,Job_368,Junior
Data Scientist,Macro Solutions,"Baltimore, MD",1,Job_369,Junior
Data Scientist,Wish,"Seattle, WA",1,Job_370,Junior
Associate Data Scientist,Ascensus,"Newton, MA",1,Job_371,Junior
Data Scientist,Ephesoft Inc.,"Boise, ID",1,Job_372,Junior
Data Scientist/Architect,Serry Systems,"Arlington, VA",1,Job_373,Junior
DATA SCIENTIST,Romph & Pou Agency,"Shreveport, LA",1,Job_374,Junior
Senior Data Scientist,Shipbob Inc,"Chicago, IL",1,Job_375,Senior
Data Scientist,NextGen Healthcare,"Rochester, NY",1,Job_376,Junior
"Data Scientist/Quantitative Social Scientist, Mid",Booz Allen Hamilton,"Alexandria, VA",1,Job_377,Junior
GMP Analytical Data Review Scientist (Pharmaceuticals),Cambrex Corporation,"High Point, NC",1,Job_378,Junior
Data Scientist,"Accolite, Inc.","Plano, TX",1,Job_379,Junior
Data Scientist,Spry Health,"Palo Alto, CA",1,Job_380,Junior
Jr Data Scientist,HMS,"Irving, TX",1,Job_381,Junior
Data Scientist,Gates Corporation,"Denver, CO",1,Job_382,Junior
Data Scientist,Cigna,NA,1,Job_383,Junior
Data Scientist,"Under Armour, Inc.","Austin, TX",1,Job_384,Junior
Data Scientist,SAS Institute,"Cary, NC",1,Job_385,Junior
"Data Scientist, Infrastructure Strategy Intern",Facebook,"Boston, MA",1,Job_386,Entry
Data Scientist,Virginia Tech Applied Research Corporation,"Arlington, VA",1,Job_387,Junior
Data Scientist,Options Clearing Corporation,"Chicago, IL",1,Job_388,Junior
Data Scientist,Grid Dynamics,"Atlanta, GA",1,Job_389,Junior
Data Scientist,"EDO, Inc.","New York, NY",1,Job_390,Junior
Data Scientist,GOAT,"Los Angeles, CA",1,Job_391,Junior
Full Time Opportunities for PhD Students or Recent Graduates...,Microsoft,"Redmond, WA",1,Job_392,Junior
Data Scientist,Asics Digital,"Boston, MA",1,Job_393,Junior
Intern - Data Scientist,ATPCO,"Dulles, VA",1,Job_394,Entry
Data Scientist,LOCKHEED MARTIN CORPORATION,"Cape Canaveral, FL",1,Job_395,Junior
"Data Scientist (PYTHON, HADOOP)",SoftVision - TAMS,"Johns Creek, GA",1,Job_396,Junior
Data Scientist,ANALYTOS,NA,1,Job_397,Junior
Associate Data Scientist,Macy's,"New York, NY",1,Job_398,Junior
Data Scientist,Pacific Life,"Newport Beach, CA",1,Job_399,Junior
"Data Scientist, Forecasting",Spotify,"New York, NY",1,Job_400,Junior
Data Scientist,"Pyramid Systems, Inc.","Fairfax, VA",1,Job_401,Junior
Artificial Intelligence Summer Institute (AISI) - Summer 202...,Site 1001,"Oak Ridge, TN",1,Job_402,Junior
Data Scientist & Machine Learning Engineer,First American,"San Clemente, CA",1,Job_403,Junior
Senior Data Scientist,Microsoft,"Washington, DC",1,Job_404,Senior
Data & Applied Scientist,Systems Planning and Analysis,"Redmond, WA",1,Job_405,Junior
Data Scientist,Lat. Inc.,"Alexandria, VA",1,Job_406,Junior
Data Scientist,"SemanticBits, LLC","Jersey City, NJ",1,Job_407,Junior
Data Scientist-Remote,red violet,"Herndon, VA",1,Job_408,Junior
Data Scientist,Jar House,"Seattle, WA",1,Job_409,Junior
Data Scientist,Echo Global Logistics,"Atlanta, GA",1,Job_410,Junior
Data Scientist,Capital Lighting Fixture Company,"Chicago, IL",1,Job_411,Junior
Data Scientist,"Pyramid Systems, Inc.","Morrisville, NC",1,Job_412,Junior
Social Data Scientist,Booz Allen,"Washington, DC",1,Job_413,Junior
Associate Data Scientist,Collins Aerospace,"Westford, MA",1,Job_414,Junior
Data Scientist,Avalere Health LLC,"Washington, DC",1,Job_415,Junior
Senior Data Analyst,"The Steritech Group, Inc.","Charlotte, NC",1,Job_416,Senior
Data Scientist,AWM SMART SHELF,NA,1,Job_417,Junior
"Lead Data Scientist, Education Programs","Amazon Web Services, Inc.","Washington, DC",1,Job_418,Junior
Data Scientist,Branch International,"San Francisco, CA",1,Job_419,Junior
"Data Scientist, Zillow Offers",Zillow Group,"Seattle, WA",1,Job_420,Junior
Jr. Data Scientist,Money Map Press,"Baltimore, MD",1,Job_421,Junior
Data Analyst / Data Scientist,Defined Clarity,"New York, NY",1,Job_422,Junior
Data Scientist/Business Analyst,"Gritter Francona, Inc.","Washington, DC",1,Job_423,Junior
Customer Aligned Data Scientist,Equifax,"Alpharetta, GA",1,Job_424,Junior
Data Scientist,Informa,"Fort Lauderdale, FL",1,Job_425,Junior
Data Scientist,Natera,"Portland, OR",1,Job_426,Junior
Data Scientist,Pragmatics,"Suitland, MD",1,Job_427,Junior
Data Scientist,Valsatechcorp Template,NA,1,Job_428,Junior
Data Scientist,AEP Energy,"Columbus, OH",1,Job_429,Junior
Data Scientist,Booz Allen,"Reston, VA",1,Job_430,Junior
Data Scientist (Cambridge or RTP),Biogen,"Cambridge, MA",1,Job_431,Junior
Data Scientist - Intern,Zillow,"Seattle, WA",1,Job_432,Entry
Senior Data Scientist,Perspecta,"Washington, DC",1,Job_433,Senior
Data Scientist,Sony Pictures Entertainment Inc.,"Culver City, CA",1,Job_434,Junior
Data Scientist,"DTN, LLC","West Lafayette, IN",1,Job_435,Junior
Associate Data Scientist,Bloomberg BNA,"Washington, DC",1,Job_436,Junior
Data Scientist,S&P Global,"Charlottesville, VA",1,Job_437,Junior
AI Deep learning/Big data Engineer Internship,Gosvea,"San Jose, CA",1,Job_438,Entry
Mathematical Statistician,US Department of Housing and Urban Development,"Washington, DC",1,Job_439,Junior
"Data Scientist, Cloud",Calix,"San Jose, CA",1,Job_440,Junior
Data Engineer/Scientist MS Azure,Equinox Consulting Partners LLC,"Chesterfield, VA",1,Job_441,Junior
Health Analytics Data Scientist,UCLA Health,"Los Angeles, CA",1,Job_442,Junior
Data Scientist,University of Pennsylvania,"Philadelphia, PA",1,Job_443,Junior
Data Scientist,AEP Energy Inc,"Columbus, OH",1,Job_444,Junior
SAP Fieldglass - Data Scientist,Concur Technologies,"Chicago, IL",1,Job_445,Junior
Data Scientist,Domino's,"Ann Arbor, MI",1,Job_446,Junior
Data Scientist,Trianz,"Raleigh, NC",1,Job_447,Junior
Data Scientist I,USAA,"Plano, TX",1,Job_448,Junior
Data Scientist,Attune,"New York, NY",1,Job_449,Junior
"Senior Data Analyst, Education",Thinkful,NA,1,Job_450,Senior
Senior Data Scientist,Life Time,"Chanhassen, MN",1,Job_451,Senior
Data Science,PredictiCare,"Cambridge, MA",1,Job_452,Junior
Data Scientist - CI Poly,"SixGen, Inc.","Hanover, MD",1,Job_453,Junior
Computer Vision Intern to start immediately,"Xyken, LLC","McLean, VA",1,Job_454,Entry
Data Scientist,MCKEAN DEFENSE/CABRILLO TECHNOLOGIES,"Philadelphia, PA",1,Job_455,Junior
Computer Data Scientist,Mitre Corporation,"McLean, VA",1,Job_456,Junior
"Internship - Data Scientist, Denver CO (Summer 2020)",Transamerica,"Denver, CO",1,Job_457,Entry
Data Scientist,Invent Analytics,"Philadelphia, PA",1,Job_458,Junior
Data Scientist,Grainger,"Lake Forest, IL",1,Job_459,Junior
Data Scientist,Analysis Group,"Boston, MA",1,Job_460,Junior
Fitness Performance Data Scientist,Apple,"Santa Clara Valley, CA",1,Job_461,Junior
"Data Scientist, Apple Online Store",Apple,"Santa Clara Valley, CA",1,Job_462,Junior
Data Scientist,Wish,"San Francisco, CA",1,Job_463,Junior
Data Scientist,HOMER,"New York, NY",1,Job_464,Junior
People Analytics Data Scientist,"D. E. Shaw & Co., L.P.","New York, NY",1,Job_465,Junior
Junior Data Scientist,DeNOVO Solutions,"Aurora, CO",1,Job_466,Junior
Data Analyst/Data Scientist,Precision technologies corp,"Monmouth Junction, NJ",1,Job_467,Junior
Data Scientist,Dosh,"Austin, TX",1,Job_468,Junior
Chief Data Scientist,Booz Allen Hamilton,"Herndon, VA",1,Job_469,Junior
Data Scientist (Measurement Analyst),LiveRamp,"Boston, MA",1,Job_470,Junior
Data Scientist,Amplero,"Seattle, WA",1,Job_471,Junior
Central Maryland Summer Games 2020 Data Scientist Intern,Booz Allen Hamilton,"Annapolis Junction, MD",1,Job_472,Entry
"Data Scientist, Dynamic Pricing",ATPCO,"Dulles, VA",1,Job_473,Junior
2020 MBA/Master’s Level Internship – Data Scientist (Charlot...,U.S. Bank,"Charlotte, NC",1,Job_474,Entry
Data Scientist and Computer Engineer,Finastra,"Norcross, GA",1,Job_475,Junior
Data Scientist,Exalution Inc.,"Woodlawn, MD",1,Job_476,Junior
Data Scientist,"Lucas Systems, Inc.","Wexford, PA",1,Job_477,Junior
Data Scientist,Rent the Runway,"New York, NY",1,Job_478,Junior
Data Scientist Level 1,Scout Clean Energy,"Boulder, CO",1,Job_479,Junior
Data Scientist,FairWarning,"Saint Petersburg, FL",1,Job_480,Junior
Data Scientist,Verizon,"Alpharetta, GA",1,Job_481,Junior
Data Scientist,Varen Technologies,"Reston, VA",1,Job_482,Junior
Data Assimilation Scientist,"Global Science & Technology, Inc.","College Park, MD",1,Job_483,Junior
Data Scientist,PERITUS.AI,"Palo Alto, CA",1,Job_484,Junior
Data Scientist,DAPPER Stats,"Portland, OR",1,Job_485,Junior
Data Scientist,Catalina Marketing,"Atlanta, GA",1,Job_486,Junior
Data Scientist,Feedzai,"Atlanta, GA",1,Job_487,Junior
"Data Scientist, Intern (2020)",Duolingo University Programs,"Pittsburgh, PA",1,Job_488,Entry
Chemical Data Scientist,Texas Commission on Environmental Quality,"Austin, TX",1,Job_489,Junior
Data Scientist,UNITED STATES SOCCER FEDERATION 1,"Chicago, IL",1,Job_490,Junior
Junior Data Scientist,Southern California Edison,"Rosemead, CA",1,Job_491,Junior
Data Scientist / MDM,UST Global,"Norfolk, VA",1,Job_492,Junior
Associate Data Scientist,NextEra Energy,"Miami, FL",1,Job_493,Junior
Data Scientist,Penn State University,"University Park, PA",1,Job_494,Junior
"Undergraduate Academic Advisor, Department of Statistics & D...",Carnegie Mellon University,"Pittsburgh, PA",1,Job_495,Junior
Data Scientist,CSG,"Greenwood Village, CO",1,Job_496,Junior
Data Scientist,2nd Order Solutions,NA,1,Job_497,Junior
"Data Scientist (with Engineering Focus), Maps Metrics",Apple,"Santa Clara Valley, CA",1,Job_498,Junior
Data Scientist,WLBenefits Group,"Bannockburn, IL",1,Job_499,Junior
Data Scientist,Genocea,"Cambridge, MA",1,Job_500,Junior
Data Scientist - Machine Learning,Tiger Analytics,"Louis, MO",1,Job_501,Junior
Data Science Targeter – R19-025,"Verite Group, Inc.","Dulles, VA",1,Job_502,Junior
A.I. Data Labeling Team Intern,Sighthound,"Winter Park, FL",1,Job_503,Entry
Machine Learning Engineer,CharterUP,"Atlanta, GA",1,Job_504,Junior
Data Scientist Opportunity,"CGI Group, Inc.","Fairfax, VA",1,Job_505,Junior
Data Scientist,Dematic,"Atlanta, GA",1,Job_506,Junior
Data Scientist,Zoomph,"Reston, VA",1,Job_507,Junior
Data Scientist,Sky RPO,"San Francisco, CA",1,Job_508,Junior
Data Scientist,Energy Sense Finance,"Tampa, FL",1,Job_509,Junior
Data Scientist,Knight Capital Funding,"Fort Lauderdale, FL",1,Job_510,Junior
Data Scientist,Jellyfish,"Baltimore, MD",1,Job_511,Junior
Data Scientist Intern,Sony Interactive Entertainment PlayStation,"San Diego, CA",1,Job_512,Entry
"Data Scientist, Analytics & Inference",Codecademy,"New York, NY",1,Job_513,Junior
Data Scientist,The Home Depot,"Atlanta, GA",1,Job_514,Junior
University - Data Scientist Consultant,Booz Allen Hamilton,"McLean, VA",1,Job_515,Junior
"Data Scientist Intern, PhD, 2020",Google,"Seattle, WA",1,Job_516,Entry
Consumer Insights Data Scientist,"Jimmy John's Franchise, LLC","Champaign, IL",1,Job_517,Junior
Data Scientist - Applied Machine Learning,Apple,"Austin, TX",1,Job_518,Junior
Lead Data Scientist,SaaSpack,"Foster City, CA",1,Job_519,Junior
Sr Data Analyst,Bank of America,"Charlotte, NC",1,Job_520,Junior
Senior Data Scientist - Sales,InVision Studio,NA,1,Job_521,Senior
Data Scientist,ASET Partners,"Washington, DC",1,Job_522,Junior
Machine Learning Engineer,"Learnable, Inc","Brighton, MA",1,Job_523,Junior
Data Scientist,DriveTime,"Tempe, AZ",1,Job_524,Junior
Customer Data Scientist (New York),h2o.ai,"New York, NY",1,Job_525,Junior
Sr. Data Scientist,Inspire Brands,"Atlanta, GA",1,Job_526,Senior
Data Scientist,Blue Apron,"New York, NY",1,Job_527,Junior
Data Scientist,Custoria,"New York, NY",1,Job_528,Junior
Junior Data Scientist - Apply Now,Kalibri Labs,"Rockville, MD",1,Job_529,Junior
Junior Data Scientist,Invent Analytics,"Philadelphia, PA",1,Job_530,Junior
ASSOCIATE DATA SCIENTIST,Collins Aerospace,"Westford, MA",1,Job_531,Junior
Distinguished Data Scientist,Verizon,"Alpharetta, GA",1,Job_532,Junior
Data Scientist Intern,Hewlett Packard Enterprise,"San Jose, CA",1,Job_533,Entry
Data Scientist,Innovizo,"Arlington, VA",1,Job_534,Junior
"Data Scientist- Advanced Analytics (Tech, Media & Telecom)",PwC,"Chicago, IL",1,Job_535,Junior
Data Scientist (Customer Facing),Inpher,"New York, NY",1,Job_536,Junior
"Data Scientist with H2O -- Hartford, CT",Tanisha Systems Inc,"Hartford, CT",1,Job_537,Junior
Data Science Intern,LexisNexis,"Raleigh, NC",1,Job_538,Entry
"Data Scientist, Analytics - New Product Experimentation",Facebook,"Menlo Park, CA",1,Job_539,Junior
Data Scientist,BP,"Denver, CO",1,Job_540,Junior
Machine Learning / NLP Data Scientist,Attadale Partners,"Chicago, IL",1,Job_541,Junior
Data Scientist,Uplight,"Boulder, CO",1,Job_542,Junior
Data Scientist Job,AGCO,"Duluth, GA",1,Job_543,Junior
Data Scientist (CI 001/DBE3),Scientific Systems and Software International (SSS...,"Baltimore, MD",1,Job_544,Junior
Data Scientist,EV Technologies,NA,1,Job_545,Junior
NLP Data Scientist,Athenium Analytics,"Washington, DC",1,Job_546,Junior
Data Scientist,Vanda Pharmaceuticals Inc.,"Washington, DC",1,Job_547,Junior
Data Scientist,Verizon,"Cary, NC",1,Job_548,Junior
Data Scientist Internship,A³ by Airbus,"Sunnyvale, CA",1,Job_549,Entry
Data Scientist,Unisys,"Sterling, VA",1,Job_550,Junior
Data Scientist - You Make Data Sing,NT Concepts,"Vienna, VA",1,Job_551,Junior
Geospatial Data Scientist,Premise,"Washington, DC",1,Job_552,Junior
Associate Data Scientist,Macmillan,"New York, NY",1,Job_553,Junior
Data Scientist,"A2Z Development Center, Inc.","Seattle, WA",1,Job_554,Junior
Data Scientist - TS/SCI FS Poly,Cyberjin,"McLean, VA",1,Job_555,Junior
Data Scientist,Verizon,"Morristown, NJ",1,Job_556,Junior
STATISTICIAN,ISBE,"Springfield, IL",1,Job_557,Junior
Data Scientist (Banking/Financial Services),Fractal Analytics,"San Francisco, CA",1,Job_558,Junior
ASSOC DATA SCIENTIST,Collins Aerospace,"Westford, MA",1,Job_559,Junior
Computer/Data Science/Programming Tutors,MyGuru Tutoring & Test Prep,"Boston, MA",1,Job_560,Junior
Senior Principal Data Scientist,ISO,"Buffalo Grove, IL",1,Job_561,Senior
3D Computer Vision Engineer,"Xyken, LLC","McLean, VA",1,Job_562,Junior
Data Scientist,Quevera,"Chantilly, VA",1,Job_563,Junior
Machine Learning Operations Engineer,4DV Analytics,"Ashburn, VA",1,Job_564,Junior
Data Scientist,Elder Research Inc,"Charlottesville, VA",1,Job_565,Junior
Data Scientist,VF Corporation,"Denver, CO",1,Job_566,Junior
Data Scientist,Transcorr National Logistics,"Fort Collins, CO",1,Job_567,Junior
2020 PhD Data Scientist Internship - Uber Eats (New York),Uber,"New York, NY",1,Job_568,Entry
Data Scientist,GreenKey,"Chicago, IL",1,Job_569,Junior
Data Scientist,Jo-Ann Fabric and Craft Stores,"Hudson, OH",1,Job_570,Junior
Data Scientist,MRP,"Tysons, VA",1,Job_571,Junior
Data Scientist,Broadcom,"San Diego, CA",1,Job_572,Junior
Junior Data Scientist,Ranker,"Los Angeles, CA",1,Job_573,Junior
Data Scientist,GM Financial,"Fort Worth, TX",1,Job_574,Junior
Machine Learning Data Scientist/Engineer,"Ironclad, Inc.","San Francisco, CA",1,Job_575,Junior
Venture Capital Analyst - Data Scientist,Simon Property Group,"New York, NY",1,Job_576,Junior
Data Scientist - Smart Mobility Analytics,Ford Motor Company,"Dearborn, MI",1,Job_577,Junior
Data Scientist,360i,"New York, NY",1,Job_578,Junior
Machine Learning Sourcer (San Francisco or Remote),Twitter,NA,1,Job_579,Junior
Data Scientist,HP,"Aguadilla, PR",1,Job_580,Junior
Data Scientist,Spin Electric Scooters,"San Francisco, CA",1,Job_581,Junior
Data Science Internship,"Red Hat, Inc.","Raleigh, NC",1,Job_582,Entry
Data Scientist,"RMDS Lab, Inc","Pasadena, CA",1,Job_583,Junior
"Data Scientist, Operations Data Science",Google,"Mountain View, CA",1,Job_584,Junior
Data Scientist,DELL,"Austin, TX",1,Job_585,Junior
Data Scientist,Dezign Concepts LLC,"Chantilly, VA",1,Job_586,Junior
Data Scientist - Level 5 (DCGS),Red Arch Solutions,"Chantilly, VA",1,Job_587,Junior
NH Deputy Data Director,Yang2020,NA,1,Job_588,Junior
Intermediate/Advanced Data Scientist,Naval Nuclear Laboratory,"Schenectady, NY",1,Job_589,Junior
Machine Learning / AI Summer Internship,"Applied Research Associates, Inc","Raleigh, NC",1,Job_590,Entry
Clinical Data Scientist - Provider Performance,PeaceHealth,"Bellingham, WA",1,Job_591,Junior
Data Scientist,AllyO,"Palo Alto, CA",1,Job_592,Junior
Innovation Internship - Artificial Intelligence (Masters Lev...,RTI International,"Durham, NC",1,Job_593,Entry
FDA Machine Learning Fellowship,Echo Global Logistics,NA,1,Job_594,Junior
Data Scientist,Jar House,"Chicago, IL",1,Job_595,Junior
Data Scientist,Valassis Digital,"Atlanta, GA",1,Job_596,Junior
Data Scientist,"OptivityX,LLC","Morrisville, NC",1,Job_597,Junior
data scientist,Qikspace,NA,1,Job_598,Junior
Data Scientist,Mathematica Policy Research,"Washington, DC",1,Job_599,Junior
Lead Data Scientist,Problem Forward LLC,"Baltimore, MD",1,Job_600,Junior
BlackHorse Data Scientist,BlackHorse Solutions,"Herndon, VA",1,Job_601,Junior
Data Scientist/Modeller,Triquetro,"Katy, TX",1,Job_602,Junior
Data Scientist/Machine Learning Engineer,Grokstream,"Aliso Viejo, CA",1,Job_603,Junior
Data Scientist,The Hartford,"Hartford, CT",1,Job_604,Junior
"Data Scientist, Media and Advertising Analytics",Spotify,"New York, NY",1,Job_605,Junior
"Applied Data Scientist, Government",Civis Analytics,"Houston, TX",1,Job_606,Junior
Machine Learning Scientist (Additive Manufacturing),"UES, Inc.","Dayton, OH",1,Job_607,Junior
Data Scientist,Lucas Systems,"Wexford, PA",1,Job_608,Junior
Data Scientist - NIH - OD/OSMO/OSPIDA/DARB,Camris International,"Bethesda, MD",1,Job_609,Junior
Data Scientist,Eagle Ray Inc,NA,1,Job_610,Junior
Pet Care Data Scientist,Kinship,"New York, NY",1,Job_611,Junior
Data Scientist,Gayathri's Sandbox,"Menlo Park, CA",1,Job_612,Junior
Data Scientist,Hiscox Insurance,"Atlanta, GA",1,Job_613,Junior
"Data Scientist, Education",Chan Zuckerberg Initiative,"Redwood City, CA",1,Job_614,Junior
Intern Data Scientist,"ExtraHop Networks, Inc.","Seattle, WA",1,Job_615,Entry
Data Scientist - Modelling 91819,Optimal,"Dearborn, MI",1,Job_616,Junior
Sr. Data Analyst,Primary Talent Partners,"New Orleans, LA",1,Job_617,Senior
Data Scientist I - (Part-time),"Columbus Technologies and Services, Inc.","Pasadena, CA",1,Job_618,Junior
Data Scientist,Red Ventures,"Charlotte, NC",1,Job_619,Junior
Data Scientist - Early Career,Lawrence Livermore National Laboratory,"Livermore, CA",1,Job_620,Junior
Predictive Data Analytics / Machine Learning,Community Data Platforms,"Nantucket, MA",1,Job_621,Junior
Intern- Data Scientist,Vertiv Co.,"Westerville, OH",1,Job_622,Entry
Data Scientist,The Aerospace Corporation,"Chantilly, VA",1,Job_623,Junior
"Data Scientist, Telematics",Root Insurance Company,"Columbus, OH",1,Job_624,Junior
Data Scientist,Viola AI,"Boulder, CO",1,Job_625,Junior
"Associate, Data Sciences",Wavemaker,NA,1,Job_626,Junior
Sr. Data Scientist - Knowledge,Branch,"Redwood City, CA",1,Job_627,Senior
Senior Data Scientist- TS/SCI & Poly required,SAIC,"Chantilly, VA",1,Job_628,Senior
Data Architect,"Insight Enterprises, Inc.","Charlotte, NC",1,Job_629,Junior
"Data Scientist, Peacock, Direct-to-Consumer",NBCUniversal,"New York, NY",1,Job_630,Junior
Senior Data Modeler,Hearst,"Center Valley, PA",1,Job_631,Senior
Data Scientist,Grant Thornton,"Washington, DC",1,Job_632,Junior
"Machine Learning Intern (ML-Agents), AI@Unity",Unity Technologies,"San Francisco, CA",1,Job_633,Entry
Data Scientist Research Programmer,RAND Corporation,"Santa Monica, CA",1,Job_634,Junior
Data Scientist,Pinnacol Assurance,"Denver, CO",1,Job_635,Junior
Data Scientist,Pepperdata,NA,1,Job_636,Junior
Data Scientist TS or TS/SCI,StellarPeak Corp.,"Tenleytown, DC",1,Job_637,Junior
Intern (Artificial Intelligence),"Orbis, Inc.","Charleston, SC",1,Job_638,Entry
"Survey Statistician, GS-1530-07/09,Census-DE-SM",US Department of Commerce,"Jeffersonville, IN",1,Job_639,Junior
DATA SCIENTIST,Ortec International USA Inc.,"Atlanta, GA",1,Job_640,Junior
Product Data Scientist - Ads Data Science,Twitter,"San Francisco, CA",1,Job_641,Junior
Senior Data Scientist,Very,NA,1,Job_642,Senior
Data Specialist/Scientist,BBVA Compass,"Houston, TX",1,Job_643,Junior
Data Scientist,OMP,"Atlanta, GA",1,Job_644,Junior
Data Scientist,Green Dot Corporation,"Pasadena, CA",1,Job_645,Junior
"Data Scientist, Growth & Experimentation",Codecademy,"New York, NY",1,Job_646,Junior
Federal - Cyber Data Scientist,Accenture,"Arlington, VA",1,Job_647,Junior
Data Scientist,Epic Games,"San Diego, CA",1,Job_648,Junior
Data Scientist,AvantStay,"Los Angeles, CA",1,Job_649,Junior
Data Scientist - Modeling,Disney Streaming Services,"New York, NY",1,Job_650,Junior
Data Scientist/ Machine Learning Engineer,Allstate,"Northbrook, IL",1,Job_651,Junior
Summer 2020 Internship Program - Data Science,DSW,"Columbus, OH",1,Job_652,Entry
Sales Executive in Data Intelligence,Clickagy,"Roswell, GA",1,Job_653,Junior
Data Science-Architect,Wipro LTD,"Franklin Lakes, NJ",1,Job_654,Junior
Data Scientist Advisor,General Dynamics Information Technology,"MacDill AFB, FL",1,Job_655,Junior
AI/Deep Learning Data Scientist,Athenium Analytics,"Washington, DC",1,Job_656,Junior
Data Scientist,American Credit Acceptance,"Spartanburg, SC",1,Job_657,Junior
Data Scientist,Early Warning Services,"Chicago, IL",1,Job_658,Junior
NLP DATA SCIENTIST II,H. Lee Moffitt Cancer Center,"Tampa, FL",1,Job_659,Junior
Data Scientist,Best Buy,"Watertown, MA",1,Job_660,Junior
Data Science and Analytics (Data Engineer),TechtrendsIT,"Allentown, NJ",1,Job_661,Junior
Data Scientist (PhD),ExxonMobil,"Spring, TX",1,Job_662,Junior
"Data Scientist- Erlanger, KY",Archer Daniels Midland Company,"Erlanger, KY",1,Job_663,Junior
Data Scientist,The Rock Creek Group,"Washington, DC",1,Job_664,Junior
DATA SCIENTIST,BrightSpeed is a trademark of BrightSpeed,"Palm Coast, FL",1,Job_665,Junior
Sr Image Data Scientist,St. Jude Children's Research Hospital,"Memphis, TN",1,Job_666,Junior
Data Scientist Specialist,Hewlett Packard Enterprise,"Roseville, CA",1,Job_667,Junior
Data Scientist,Cloudera,"Brooklyn, NY",1,Job_668,Junior
Data Scientist,Verizon,"Boston, MA",1,Job_669,Junior
DATA SCIENTIST,Amsted Industries,"Granite City, IL",1,Job_670,Junior
"Data Scientist, Product Analytics",Facebook,"New York, NY",1,Job_671,Junior
Data Scientist,MRI Software,"Atlanta, GA",1,Job_672,Junior
Sr. Data Scientist,Nike,"New York, NY",1,Job_673,Senior
Data Scientist,iCIMS,"Holmdel, NJ",1,Job_674,Junior
Data Scientist,BNY Mellon,"New York, NY",1,Job_675,Junior
Data Scientist - Supply Operations,Convoy,"Seattle, WA",1,Job_676,Junior
Data Scientist III,"Columbus Technologies and Services, Inc.","Pasadena, CA",1,Job_677,Junior
Data Scientist,Clinc,"Ann Arbor, MI",1,Job_678,Junior
Director of Data Science,Chiro Matchmakers,"Silicon Valley, CA",1,Job_679,Junior
Scientist Deep Data Analytics,Sanofi,"Cambridge, MA",1,Job_680,Junior
Data Scientist - Information Security Focus,First American,"Santa Ana, CA",1,Job_681,Junior
Machine Learning Scientist,UES,"Dayton, OH",1,Job_682,Junior
Data Scientist - Agriculture Commodity Research Engine (ACRE...,McKinsey & Company,"Denver, CO",1,Job_683,Junior
Data Scientist M/F,Kayrros,"Houston, TX",1,Job_684,Junior
Data Scientist,"Twitch Interactive, Inc.",NA,1,Job_685,Junior
2020 Intern - Senior Data Scientist,IBM,NA,1,Job_686,Entry
Data Scientist - Nationwide Opportunities,"Amazon Web Services, Inc.","Herndon, VA",1,Job_687,Junior
Data Scientist,"Vision Technologies, Inc","Rockville, MD",1,Job_688,Junior
Junior Data Scientist/Quant Developer | Prattle Analytics Te...,Liquidnet,"Louis, MO",1,Job_689,Junior
Data Scientist,Cadent,"Philadelphia, PA",1,Job_690,Junior
Data Scientist - Rides,Uber,"San Francisco, CA",1,Job_691,Junior
Chief Data Scientist,Visa,"Bellevue, WA",1,Job_692,Junior
DATA SCIENTIST,innovaccer,"San Francisco, CA",1,Job_693,Junior
Data Scientist,Lown Institute,"Brookline, MA",1,Job_694,Junior
Data Scientist,Circle K,"Tempe, AZ",1,Job_695,Junior
DATA SCIENTIST,Red Violet Inc.,"Seattle, WA",1,Job_696,Junior
Data Scientist,"ExtraHop Networks, Inc.","Seattle, WA",1,Job_697,Junior
"Director, Data Scientist - Technology",Walmart,"Plano, TX",1,Job_698,Junior
Data Scientist,ERNIESYS,"Seattle, WA",1,Job_699,Junior
Data Scientist,CITIZENS BANK,"Columbus, OH",1,Job_700,Junior
Data Scientist,Informa,"Dallas, TX",1,Job_701,Junior
Full Stack Developer and Data Scientist,Booz Allen Hamilton,"Rockville, MD",1,Job_702,Junior
Geospatial Data Scientist,Embedded Alliance,"Springfield, VA",1,Job_703,Junior
"Senior Data Scientist, Maps Metrics",Apple,"Santa Clara Valley, CA",1,Job_704,Senior
Juñior Data Scientist,PIÑATA SCIENCES,"Boston, MA",1,Job_705,Junior
Data Scientist,ASSURANCE,"Seattle, WA",1,Job_706,Junior
Data Scientist Population Health,"Martin Luther King, Jr. Community Hospital","Los Angeles, CA",1,Job_707,Junior
"Data Scientist, Predictive Modeling and Analytics",Kaiser Permanente,"Oakland, CA",1,Job_708,Junior
ASSOCIATE / JUNIOR DATA SCIENTIST,GEORGIA-PACIFIC,"Atlanta, GA",1,Job_709,Junior
Data Scientist II,Wacker Chemical Corporation,"Ann Arbor, MI",1,Job_710,Junior
"Data Scientist -Dallas, TX",nFolks Ltd,"Dallas, TX",1,Job_711,Junior
Data Scientist,MYCOM OSI,"Folsom, CA",1,Job_712,Junior
Senior Data Scientist,Johnson & Johnson Family of Companies,"Titusville, NJ",1,Job_713,Senior
Senior/Lead Data Scientist,SILVERLINK TECHNOLOGIES LLC,"Raleigh, NC",1,Job_714,Senior
Senior Data Scientist,OptiFunder,"Louis, MO",1,Job_715,Senior
Data Scientist,NarrativeDx,"Austin, TX",1,Job_716,Junior
Data Scientist,In-Depth Genomics,"Bellevue, WA",1,Job_717,Junior
Data Scientist/Predictive Analyst,AGRiP,"Folsom, CA",1,Job_718,Junior
Data Scientist/Visualization Master,Intermedia Advertising,"Los Angeles, CA",1,Job_719,Junior
Data Scientist - Experimentation,Disney Streaming Services,"New York, NY",1,Job_720,Junior
Data Scientist - Natural Language Processing,Change Research,"Palo Alto, CA",1,Job_721,Junior
Data Scientist,MedStar Health Research Institute,"Washington, DC",1,Job_722,Junior
Data Scientist-Masters,Procter and Gamble,"Cincinnati, OH",1,Job_723,Junior
Artificial Intelligence - Machine Learning Specialist,hoytNIVA,"Arlington Heights, IL",1,Job_724,Junior
Lead Data Scientist,Book Runners LLC,"Chicago, IL",1,Job_725,Junior
Data Scientist,Highmark Inc,"Pittsburgh, PA",1,Job_726,Junior
Data Scientist,"GreenZone Solutions, Inc.","Arlington, VA",1,Job_727,Junior
Computer Scientist (Data Scientist),US Department of the Army,"Arlington, VA",1,Job_728,Junior
"Data Scientist, Bloomberg Law",Bloomberg,"Princeton, NJ",1,Job_729,Junior
Senior Data Scientist,Blue Cross Blue Shield of North Carolina,"Durham, NC",1,Job_730,Senior
Agronomic Data Scientist,Corteva Agriscience,"Johnston, IA",1,Job_731,Junior
Data Science Internship,Nike,"Beaverton, OR",1,Job_732,Entry
Data Scientist I,AT&T,"Dallas, TX",1,Job_733,Junior
Data Scientist (Government),Aurora,"Collinsville, IL",1,Job_734,Junior
Data Scientist,Nehemiah Security,"San Francisco, CA",1,Job_735,Junior
Data Scientist,Bowery Farming,NA,1,Job_736,Junior
Data Scientist,Jar House,"Conshohocken, PA",1,Job_737,Junior
Data Scientist,BestReviews,"Atlanta, GA",1,Job_738,Junior
Data Scientist,Capital Lighting Fixture Company,"San Francisco, CA",1,Job_739,Junior
Data Scientist,"SemanticBits, LLC","Flowery Branch, GA",1,Job_740,Junior
Data Scientist-Remote,Valassis Digital,"Herndon, VA",1,Job_741,Junior
Data Scientist,Seen by Indeed,"Morrisville, NC",1,Job_742,Junior
"Data Scientist, Advertising","Amazon.com Services, Inc.","Seattle, WA",1,Job_743,Junior
Sr Data Scientist,IQVIA,"Plymouth Meeting, PA",1,Job_744,Junior
DATA SCIENTIST,"Data and Analytic Solutions, Inc. (DAS)",NA,1,Job_745,Junior
Data Scientist / Machine Learning Engineer - Classification...,Rakuten Intelligence,"San Mateo, CA",1,Job_746,Junior
Data Scientist,ABS,"Knoxville, TN",1,Job_747,Junior
Data Scientist,New York City DEPARTMENT OF TRANSPORTATION,"Manhattan, NY",1,Job_748,Junior
Data Scientist,Valiant Integrated Services,"Camp Smith, HI",1,Job_749,Junior
Data Scientist Intern (2257),ENGIE North America Inc.,"Houston, TX",1,Job_750,Entry
Data Scientist,"Autocar Parts, LLC","Rolling Meadows, IL",1,Job_751,Junior
Data Scientist,Equifax,"Atlanta, GA",1,Job_752,Junior
Senior Data Scientist,Millennium Corporation,"Fort Belvoir, VA",1,Job_753,Senior
Cons Prod Strat Analyst III,Bank of America,"Greensboro, NC",1,Job_754,Junior
Data Scientist Intern,"Milliman, Inc.","Huntington Beach, CA",1,Job_755,Entry
Risk Analytics Data Scientist Senior Consultant,Allstate,"Charlotte, NC",1,Job_756,Senior
Data Scientist III,CDK Global,"Austin, TX",1,Job_757,Junior
Data Scientist,Auto Club Group,"Tampa, FL",1,Job_758,Junior
"Data Scientist, Principal",BNY Mellon,"Pittsburgh, PA",1,Job_759,Junior
Data Scientist - (BOS01- Felton Street),Reef Kitchens,"Waltham, MA",1,Job_760,Junior
Data Scientist - AI Labs,BlackRock,"Palo Alto, CA",1,Job_761,Junior
Computer Vision Data Scientist/Engineer - Machine Vision Sys...,Applied LifeSciences & Systems,"Raleigh-Durham, NC",1,Job_762,Junior
Data Mining Co-Op,Bosch Group,"Florence, KY",1,Job_763,Junior
Data Scientist,Southern California Edison,"Rosemead, CA",1,Job_764,Junior
Data Scientist / Quantitative Researcher – High Frequency Fu...,Wolverine Trading,"Chicago, IL",1,Job_765,Junior
Real World Evidence Data Scientist,American Society of Clinical Oncology,"Alexandria, VA",1,Job_766,Junior
"Data Scientist - Fraud Engineering, Algorithms, and Risk",Apple,"Santa Clara Valley, CA",1,Job_767,Junior
Data Scientist,Ancore,"Franklin, TN",1,Job_768,Junior
Data Scientist / Data Analyst,Arosys,"Sunnyvale, CA",1,Job_769,Junior
Data Scientist,JMI Labs,"North Liberty, IA",1,Job_770,Junior
Data Scientist,"Transworld Systems, Inc.","Lake Forest, IL",1,Job_771,Junior
Data Scientist,Primesys Technologies,"South Plainfield, NJ",1,Job_772,Junior
Associate Data Scientist,Macy's,"Johns Creek, GA",1,Job_773,Junior
Data Scientist (Entry),AnaVation LLC,"Washington, DC",1,Job_774,Entry
Data Scientist Intern,INFISWIFT TECHNOLOGIES,"Milpitas, CA",1,Job_775,Entry
Data Scientist,BPMLinks,"Denver, CO",1,Job_776,Junior
Data Analyst,Yang2020,"New York, NY",1,Job_777,Junior
2020 Automation and Artificial Intelligence Internship,Guardian Life Insurance Company,"Bethlehem, PA",1,Job_778,Entry
"Net with Machine Learning, Natural Language Processing, Ela...",InventSoft,"Austin, TX",1,Job_779,Junior
Data Scientist,Somshay LLC,"Tampa, FL",1,Job_780,Junior
Data Science Advisor - High Performance Providers & Networks,Cigna,NA,1,Job_781,Junior
"Data Scientist, Ad Platforms",Apple,"Santa Clara Valley, CA",1,Job_782,Junior
Vans Associate Data Scientist,VF Corporation,"Costa Mesa, CA",1,Job_783,Junior
Associate Data Scientist,Unified,"Atlanta, GA",1,Job_784,Junior
Data Scientist Analyst (PS20721),"Anthem, Inc.",NA,1,Job_785,Junior
Senior Data Scientist (Active DOD Secret Clearance Required),Stem IT,"Springfield, VA",1,Job_786,Senior
Senior Data Scientist,CoreCompete,"Durham, NC",1,Job_787,Senior
Data Scientist,ABS,"Arlington, VA",1,Job_788,Junior
Marketing Data Scientist,Flexential,"Denver, CO",1,Job_789,Junior
Senior Data Analyst,Onco360,"Louisville, KY",1,Job_790,Senior
Data Scientist,Verveba Analytics,"Richardson, TX",1,Job_791,Junior
Lead Data Scientist,Tuple Health,"Washington, DC",1,Job_792,Junior
Data Scientist,Pandera Systems,"Charlotte, NC",1,Job_793,Junior
Data Scientist,2 Partners Marketing LLC,"West Palm Beach, FL",1,Job_794,Junior
"Data Scientist (Entry-Level), Product Analytics (Temporary)",Brain Corp,"San Diego, CA",1,Job_795,Entry
Data Scientist (Machine Learning),Apple,"Santa Clara Valley, CA",1,Job_796,Junior
Data Scientist,AQUASIGHT LLC,"Troy, MI",1,Job_797,Junior
Data Scientist,Workiva Inc.,"Denver, CO",1,Job_798,Junior
Data Scientist - Trading Technologies,kraken,"San Francisco, CA",1,Job_799,Junior
Data Analyst / Data Scientist,Defined Clarity,"Cherry Hill, NJ",1,Job_800,Junior
Data Scientist,Klaviyo,"Boston, MA",1,Job_801,Junior
GS Data Scientist,Goldman Sachs,"New York, NY",1,Job_802,Junior
Geospatial Software Developer and Data Scientist,University of Texas at Austin,"Austin, TX",1,Job_803,Junior
050: Data Scientist,Dataspace,"Detroit, MI",1,Job_804,Junior
Data Scientist,Salesforce,"San Francisco, CA",1,Job_805,Junior
Lead Data Scientist,AAA National,"Orlando, FL",1,Job_806,Junior
Data Scientist,Definitive Logic,"Arlington, VA",1,Job_807,Junior
Data Scientist,Tapingo,NA,1,Job_808,Junior
Principal Knowledge Graph Data Scientist,AstraZeneca,"Gaithersburg, MD",1,Job_809,Junior
Data Scientist II,Microsoft,"Bellevue, WA",1,Job_810,Junior
"Senior Applied Data Scientist, Government",Civis Analytics,"Chicago, IL",1,Job_811,Senior
Data Scientist,Social Science Research Solutions (SSRS),"Glen Mills, PA",1,Job_812,Junior
Data Scientist,Hinge,"New York, NY",1,Job_813,Junior
Software Engineer / Data Scientist,Bioceryx Technologies,"Menlo Park, CA",1,Job_814,Junior
Data Scientist,Citizen,"New York, NY",1,Job_815,Junior
Data Scientist - Customer Analytics,Walmart eCommerce,"San Bruno, CA",1,Job_816,Junior
Data Scientist,Honor,"San Francisco, CA",1,Job_817,Junior
Data Scientist,Philadelphia District Attorney's Office,"Philadelphia, PA",1,Job_818,Junior
Data Scientist I (668421),Ball Aerospace,"Boulder, CO",1,Job_819,Junior
Data Scientist,ZEISS Group,"Dublin, CA",1,Job_820,Junior
Campus Recruitment – 2020 Data Scientists / Analytics Manage...,American Express,NA,1,Job_821,Junior
Machine Learning Engineer / Data Scientist,SoundHound Inc.,"Santa Clara, CA",1,Job_822,Junior
"Data Scientist, Zillow Offers ML Team",Zillow Group,"Seattle, WA",1,Job_823,Junior
Data Scientist in Applied Artificial Intelligence (Internshi...,Codazen,"Salt Lake City, UT",1,Job_824,Entry
Data Scientist / Quantitative Analyst,Tropikia Group,"New York, NY",1,Job_825,Junior
Data Scientist,Public Goods,"New York, NY",1,Job_826,Junior
Lead Data Scientist,CitiusTech,"Virginia Beach, VA",1,Job_827,Junior
Data Scientist,CCRi,"Charlottesville, VA",1,Job_828,Junior
Flag Football Statistician,XFLAGFOOTBALL,"Beverly, MA",1,Job_829,Junior
Principal Data Scientist,Double M Resources,NA,1,Job_830,Junior
Analytics and Data Science,CompuForce,NA,1,Job_831,Junior
Data Scientist,CitiusTech,"Morrisville, NC",1,Job_832,Junior
"Data Scientist, Senior",Novetta,"Fort Belvoir, VA",1,Job_833,Senior
Sr. Data Analyst,Pactera,"Redmond, WA",1,Job_834,Senior
Data Scientist – Lead,Savan Group,"Washington, DC",1,Job_835,Junior
Data Scientist - Simulation & Modeling,Tiger Analytics,"Louis, MO",1,Job_836,Junior
Data Scientist - Data Analyst - Campus Associate,Guidehouse,"Washington, DC",1,Job_837,Junior
Senior Data Scientist - Authorship,"Turnitin, LLC","Oakland, CA",1,Job_838,Senior
Data (Decision) Scientist,Purchasing Power,"Atlanta, GA",1,Job_839,Junior
Data Scientist,Talking Rain Beverage Company,"Issaquah, WA",1,Job_840,Junior
Data Scientist,Afton Chemical,"Richmond, VA",1,Job_841,Junior
Neural Data Scientist,MindX,"Bethesda, MD",1,Job_842,Junior
Data Scientist,Moody's Investors Service,"New York, NY",1,Job_843,Junior
"Data Scientist/Quantitative Social Scientist, Senior",Booz Allen Hamilton,"Alexandria, VA",1,Job_844,Senior
Data Scientist,"Signature Science, LLC","Austin, TX",1,Job_845,Junior
Data Scientist I,Grubhub,"Chicago, IL",1,Job_846,Junior
"Data Scientist, Analytics (Integrity)",Facebook,"Seattle, WA",1,Job_847,Junior
Full Stack Data Scientist,Booz Allen Hamilton,"Fort Meade, MD",1,Job_848,Junior
Genomics Data Scientist,AgBiome,"Research Triangle Park, NC",1,Job_849,Junior
Data Scientist (Austin),Zilliant,"Austin, TX",1,Job_850,Junior
Data Scientist,EY,NA,1,Job_851,Junior
Data Scientist,PwC,"Arlington, VA",1,Job_852,Junior
Sr. Data Scientist,Advance America,"Spartanburg, SC",1,Job_853,Senior
SR RISK CONTROL & DATA ANALYST,Healthsmart Preferred Care,"Charleston, WV",1,Job_854,Junior
Sr. Data Scientist,Precima,"Chicago, IL",1,Job_855,Senior
"Data Scientist-Arlington, VA-1536","DirectViz Solutions, LLC","Arlington, VA",1,Job_856,Junior
Computer Vision Software Development Interns,Kitware,"Carrboro, NC",1,Job_857,Entry
Data Scientist,States Title Holding,"San Francisco, CA",1,Job_858,Junior
Data Scientist,Gro Intelligence,"New York, NY",1,Job_859,Junior
"Data Engineer/Scientist, Lead",Booz Allen Hamilton,"Charlotte, NC",1,Job_860,Junior
Data Scientist (EFT Analytics),KOCH MINERALS,"New York, NY",1,Job_861,Junior
Data Scientist and Analyst,Salient CRGT,"Chantilly, VA",1,Job_862,Junior
Data Scientist,Remedy Partners,"New York, NY",1,Job_863,Junior
Data Scientist,alliantgroup,"Houston, TX",1,Job_864,Junior
"Senior Principal Scientist, Genetic Data Integration",Johnson & Johnson Family of Companies,"Spring House, PA",1,Job_865,Senior
Cloud Data Scientist,NT Concepts,"Vienna, VA",1,Job_866,Junior
Data Scientist - Experienced Associate,Guidehouse,"McLean, VA",1,Job_867,Junior
Data Scientist Opportunity,CGI Veterans Jobs,"Fairfax, VA",1,Job_868,Junior
Data Scientist,Snapchat,"Los Angeles, CA",1,Job_869,Junior
Data Scientist,Ephesoft,"Irvine, CA",1,Job_870,Junior
Data Scientist,"FraudScope, Inc.","Atlanta, GA",1,Job_871,Junior
Snowflake Data Scientist,Sense Corp,NA,1,Job_872,Junior
Data Scientist,aspirent,"Atlanta, GA",1,Job_873,Junior
"Analyst, Data Scientist –Medical Voice of Customer/Text Anal...",GSK,"Research Triangle Park, NC",1,Job_874,Junior
Data Scientist,Clarivate Analytics,"San Francisco, CA",1,Job_875,Junior
Data Scientist,GCM Grosvenor,"Chicago, IL",1,Job_876,Junior
Data Scientist,Photon,"Troy Hills, NJ",1,Job_877,Junior
Data Scientist - Strategic Data Science,"Two Sigma Investments, LLC.","New York, NY",1,Job_878,Junior
Data Scientist - Customer Analytics,Jet.com,"Hoboken, NJ",1,Job_879,Junior
Principal Data Scientist – Analytics Lab,Wood Mackenzie,"Houston, TX",1,Job_880,Junior
Data Scientist,"The Cadmus Group, Inc.","Washington, DC",1,Job_881,Junior
Head of Scientific Data Assets,AstraZeneca,"Cambridge, MD",1,Job_882,Junior
Data Scientist / Senior Data Scientist – Spotify Free ML,Spotify,"New York, NY",1,Job_883,Senior
Ultimate Hoops Statistician,Life Time,"Raleigh, NC",1,Job_884,Junior
Senior Data Scientist,Kickstarter.com,"Brooklyn, NY",1,Job_885,Senior
Data Scientist,Pluralsight,"Boston, MA",1,Job_886,Junior
Data Scientist,Scratch Financial Inc.,"Pasadena, CA",1,Job_887,Junior
Data Scientist,Adobe,"San Francisco, CA",1,Job_888,Junior
Data Scientist-Master’s Degree,Procter and Gamble,"Cincinnati, OH",1,Job_889,Junior
Senior Statistical Analyst,Bridgetree,"Charlotte, NC",1,Job_890,Senior
"Data Scientist, Senior",Booz Allen Hamilton,"Alexandria, VA",1,Job_891,Senior
Statistician/Data Scientist,State Farm,"Athens, GA",1,Job_892,Junior
Data Scientist,BMW of North America LLC.,"Woodcliff Lake, NJ",1,Job_893,Junior
Pricing Associate - Data Science Track,Elephant Insurance,"Henrico, VA",1,Job_894,Junior
Data Scientist,Valen Analytics,"Denver, CO",1,Job_895,Junior
Data Scientist,Praxis Engineering,"McLean, VA",1,Job_896,Junior
Data Scientist,Med-South,"Birmingham, AL",1,Job_897,Junior
Data Scientist - Inventory Forecasting and Health,Stitch Fix,"San Francisco, CA",1,Job_898,Junior
Data Scientist,RS Energy Group,"Conshohocken, PA",1,Job_899,Junior
Data Scientist,Deep 6 AI,"Pasadena, CA",1,Job_900,Junior
DATA SCIENTIST INTERN (SUMMER 2019),Collins Aerospace,"Cedar Rapids, IA",1,Job_901,Entry
Data Scientist/Intelligence Analyst,Oculus Analytics,"McLean, VA",1,Job_902,Junior
Data Scientist,Bank of America,"Annandale, VA",1,Job_903,Junior
Data Scientist,The Chemours Company,"Wilmington, DE",1,Job_904,Junior
Data Quality Specialist,Aquant.io,"New York, NY",1,Job_905,Junior
Data Scientist,New Signature,"Washington, DC",1,Job_906,Junior
Data Scientist,SLEEP NUMBER,"San Jose, CA",1,Job_907,Junior
Analyst Intern - Data Science & Solutions,Oklahoma City Thunder,"Edmond, OK",1,Job_908,Entry
"Data Scientist, Boston",Spacemaker,"Boston, MA",1,Job_909,Junior
Sr. Data Scientist,Catapult,"Reston, VA",1,Job_910,Senior
"Data Scientist Associate, Workforce Analytics",JPMorgan Chase & Co.,"Columbus, OH",1,Job_911,Junior
Data Analyst/Data Scientist,Elizabeth River Crossings,"Portsmouth, VA",1,Job_912,Junior
Data Scientist - Deep Learning,The Climate Corporation,"Seattle, WA",1,Job_913,Junior
Senior Principal Data Scientist,Cleared Recruiters,"Annapolis, MD",1,Job_914,Senior
Data Scientist II,Thermo Fisher Scientific,"Pittsburgh, PA",1,Job_915,Junior
Data Scientist,Huntington Bank,"Columbus, OH",1,Job_916,Junior
Sr. AI Scientist - Data Analytics and Optimization,Siemens,"Princeton, NJ",1,Job_917,Senior
"Data Engineer - Work in Raleigh, NC",Genworth,"Winston-Salem, NC",1,Job_918,Junior
Principal Data Scientist - Telecommute,UnitedHealth Group,NA,1,Job_919,Junior
"Data Scientist (C13/VP) New York, NY",Citi,"New York, NY",1,Job_920,Junior
Data Scientist (1801),IBKR,"New York, NY",1,Job_921,Junior
Data Scientist,DigitCompass,"Time, IL",1,Job_922,Junior
Data Scientist,Slice,"New York, NY",1,Job_923,Junior
Data Scientist,American Express,"New York, NY",1,Job_924,Junior
Data Scientist,"Master Electronics, Inc.","Phoenix, AZ",1,Job_925,Junior
Energy Data Scientist/Analyst,Sage Renewable Energy Consulting,"San Rafael, CA",1,Job_926,Junior
Chief Data Scientist,Leidos,"Morgantown, WV",1,Job_927,Junior
Data Scientist,princeton,"Jersey City, NJ",1,Job_928,Junior
NH Data Director,Yang2020,NA,1,Job_929,Junior
Data Scientist,Imprimis Group,"Dallas, TX",1,Job_930,Junior
Principal Data Scientist,Blue Cross Blue Shield of North Carolina,"Durham, NC",1,Job_931,Junior
NLP Data Scientist /Analytic Consultant 4,Wells Fargo,"Charlotte, NC",1,Job_932,Junior
Data Guru/Scientist/Demographer,Community Data Platforms,"Nantucket, MA",1,Job_933,Junior
Data Scientist - Material and Formulation Science,AstraZeneca,NA,1,Job_934,Junior
Associate Data Scientist,Øptimus Consulting,"Alexandria, VA",1,Job_935,Junior
"Software Engineer, Deep Learning",Bosch Group,"Pittsburgh, PA",1,Job_936,Junior
Senior Data Scientist,Tripoint Solutions,"Alexandria, VA",1,Job_937,Senior
Data Scientist,Noblis,"Reston, VA",1,Job_938,Junior
Signal Processing- Machine Learning- AI Engineer/Scientist,Vadum,"Raleigh, NC",1,Job_939,Junior
Social Data Scientist,Booz Allen Hamilton,"Washington, DC",1,Job_940,Junior
Data Scientist,MariaDB Corporation Ab,"Redwood City, CA",1,Job_941,Junior
Data Scientist,Aramark,"New York, NY",1,Job_942,Junior
Data Scientist,WorkBoard,"Portland, OR",1,Job_943,Junior
Data Scientist – Premium Analytics,Spotify,"New York, NY",1,Job_944,Junior
Movidius Deep Learning Data Scientist,Intel,"Santa Clara, CA",1,Job_945,Junior
"Applied Data Scientist, Commercial",Civis Analytics,"Chicago, IL",1,Job_946,Junior
Data Scientist,Inspire11,"Chicago, IL",1,Job_947,Junior
Data Scientist,Purdue University,"West Lafayette, IN",1,Job_948,Junior
Data Scientist with TS SCI Clearance,Deloitte,"Arlington, VA",1,Job_949,Junior
Data Scientist,Course5 Intelligence,"Plano, TX",1,Job_950,Junior
Data Scientist,Zensar Technologies,"Austin, TX",1,Job_951,Junior
Machine Learning Engineer,Bank of America,"Charlotte, NC",1,Job_952,Junior
Data Scientist,Ezoic,"Carlsbad, CA",1,Job_953,Junior
Data Scientist – Global Identity and Fraud,Equifax,"Atlanta, GA",1,Job_954,Junior
Data Scientist II,Ryder,"Franklin, TN",1,Job_955,Junior
Data Scientist I,NCCPA,"Johns Creek, GA",1,Job_956,Junior
Product Data Scientist,Snapchat,"New York, NY",1,Job_957,Junior
Data Scientist,IFG Companies,"Atlanta, GA",1,Job_958,Junior
Data Scientist,Neal Analytics,"Redmond, WA",1,Job_959,Junior
Data Scientist,UCHealth,"Aurora, CO",1,Job_960,Junior
Data Scientist,Micron,"Boise, ID",1,Job_961,Junior
Scientist - Data Science,SEMA4,"Stamford, CT",1,Job_962,Junior
Data Scientist,VideoAmp Careers Website,"Los Angeles, CA",1,Job_963,Junior
Data Scientist,Eaton,"Eden Prairie, MN",1,Job_964,Junior
Data Scientist,Covenant Eyes,"Owosso, MI",1,Job_965,Junior
Data Scientist,Worldpay,"Cincinnati, OH",1,Job_966,Junior
Lead Data Scientist,Indiana University,"Bloomington, IN",1,Job_967,Junior
Machine Learning Data Scientist,"Amazon.com Services, Inc.","New York, NY",1,Job_968,Junior
Data Science Internship - Summer 2020,Etsy,"New York, NY",1,Job_969,Entry
"Data Scientist, Alexa Shopping","Amazon.com Services, Inc.","Seattle, WA",1,Job_970,Junior
Data Scientist,Advan Research Corporation,"New York, NY",1,Job_971,Junior
Data Scientist,National Oilwell Varco,"Houston, TX",1,Job_972,Junior
"Data Scientist, Perception",Snapchat,"New York, NY",1,Job_973,Junior
Data Scientist - Value-Based Care,IMPAQ International,NA,1,Job_974,Junior
Data Scientist,Cox Automotive,"Atlanta, GA",1,Job_975,Junior
Principle Manufacturing Data Scientist,Stanley Black & Decker,"Hartford, CT",1,Job_976,Junior
Data Scientist,Cognitio,"Reston, VA",1,Job_977,Junior
Data Scientist - Chemical Synthesis,AstraZeneca,NA,1,Job_978,Junior
Data Scientist,Pokemon Company International,"Bellevue, WA",1,Job_979,Junior
Data Scientist/Data Analytics Practitioner,Noblis,"Bridgeport, WV",1,Job_980,Junior
Senior Data Scientist,Data Ninjas Inc,"Colorado Springs, CO",1,Job_981,Senior
Chemometrician/Chemical Data Scientist,"Signature Science, LLC","Austin, TX",1,Job_982,Junior
Data Scientist,Bolt,"San Francisco, CA",1,Job_983,Junior
Data Scientist,Enable Data,"Minneapolis, MN",1,Job_984,Junior
Motif Capital – Data Scientist,Motif Investing,"San Mateo, CA",1,Job_985,Junior
Data Scientist,Dentsu Aegis Network,"New York, NY",1,Job_986,Junior
Data Scientist,Insurity,"Denver, CO",1,Job_987,Junior
Senior Data & Applied Scientist,Microsoft,"Redmond, WA",1,Job_988,Senior
"Embedded Escalation Engineer, Machine Learning",Microsoft,"Charlotte, NC",1,Job_989,Junior
Data Scientist - Deep Learning,Verb Surgical,"Mountain View, CA",1,Job_990,Junior
Big Data Archtiect,Cognizant Technology Solutions,"Raleigh, NC",1,Job_991,Junior
Sr. Data Scientist,FreightWaves,"Chattanooga, TN",1,Job_992,Senior
Sr. Data Scientist,INCATech LLC,"Reston, VA",1,Job_993,Senior
Data Scientist - Intermediate,Pacific Northwest National Laboratory,"Richland, WA",1,Job_994,Junior
Data Scientist,Ford Motor Company,"Dearborn, MI",1,Job_995,Junior
Data Scientist,SAIC,"Chantilly, VA",1,Job_996,Junior
Customer Service Specialist II - Vital Statistics Program,King County,NA,1,Job_997,Junior
Data Scientist,ProQuest LLC,"Ann Arbor, MI",1,Job_998,Junior
Data/AI Scientist - Spécialiste données et intelligence arti...,WTS Paradigm,"Montreal, WI",1,Job_999,Junior
Senior Data Scientist,Ayata,"Manchaca, TX",1,Job_1000,Senior
STAFF DATA SCIENTIST ADVANCE TECHNOLOGY,Collins Aerospace,"Burnsville, MN",1,Job_1001,Junior
Sr. Data Scientist - Secret,Deloitte,"Arlington, VA",1,Job_1002,Senior
"Head Data Scientist – NLP lead, Novartis AI Innovation Lab",Novartis,"Cambridge, MA",1,Job_1003,Junior
DATA SCIENCE INTERN,Inspire Brands,"Atlanta, GA",1,Job_1004,Entry
Computer Vision Scientist,Mitre Corporation,"McLean, VA",1,Job_1005,Junior
2020 Data Science Fellowship,Institute for Defense Analyses,"Alexandria, VA",1,Job_1006,Junior
Data Scientist,Quartet Health,"New York, NY",1,Job_1007,Junior
DATA SCIENTIST,Big Bright International,"Chicago, IL",1,Job_1008,Junior
Data Scientist,CompuForce,"New York, NY",1,Job_1009,Junior
Data Scientist,New York City Council,"New York, NY",1,Job_1010,Junior
Summer 2020 Data Science Internship at The Wall Street Journ...,Dow Jones,"New York, NY",1,Job_1011,Entry
Cleared Data Scientist,Leading Path Consulting,"Reston, VA",1,Job_1012,Junior
Data Scientist,Upstart,"Columbus, OH",1,Job_1013,Junior
Data Analytics Lead,"GreenZone Solutions, Inc.","Washington, DC",1,Job_1014,Junior
Machine Learning Scientist – AAV engineering; Data Team,Dyno Therapeutics,"Cambridge, MA",1,Job_1015,Junior
Data Scientist,Crossover Health,"San Clemente, CA",1,Job_1016,Junior
"Data Scientist, Online",The Home Depot,"Atlanta, GA",1,Job_1017,Junior
Jr. Data Scientist - Technology Associate Program,Chubb,"Jersey City, NJ",1,Job_1018,Junior
Data Scientist,Data Quantist,"Austin, TX",1,Job_1019,Junior
Data Scientist,NeuroSoph,"Boston, MA",1,Job_1020,Junior
Data Scientist,Applied Memetics LLC,"Arlington, VA",1,Job_1021,Junior
Senior Data Scientist,Slice,"New York, NY",1,Job_1022,Senior
Data Scientist (Intern) - United States,Cisco Careers,"San Jose, CA",1,Job_1023,Entry
Data Scientist,Etiometry,"Boston, MA",1,Job_1024,Junior
Junior Data Scientist,DataSprouts,"Bloomington, IN",1,Job_1025,Junior
Data Scientist - Intern,Heartland,"Edmond, OK",1,Job_1026,Entry
Data Scientist,Shareablee,"New York, NY",1,Job_1027,Junior
Data Science And Resource Manager,Wowza Media Systems,"Golden, CO",1,Job_1028,Junior
Clinical Data Scientist,UTMB,"Galveston, TX",1,Job_1029,Junior
Data Scientist,Global Data Analytics,"Pittsburgh, PA",1,Job_1030,Junior
Senior Data Scientist,Abbott Laboratories,"Plano, TX",1,Job_1031,Senior
AI Senior Data Scientist,"Anthem, Inc.",NA,1,Job_1032,Senior
Senior Data Analyst,Steritech,"Charlotte, NC",1,Job_1033,Senior
Health Data Scientist - Biomedical,Evidation,"Santa Barbara, CA",1,Job_1034,Junior
Bioinformatician/Data Scientist,Cygnal,"Cambridge, MA",1,Job_1035,Junior
Data Scientist,Chenega Corporation,"Springfield, VA",1,Job_1036,Junior
"Data Scientist, Non-clinical Biostatistics",Camp4,"Cambridge, MA",1,Job_1037,Junior
Data Scientist,devwrx,"Chicago, IL",1,Job_1038,Junior
Data Scientist Asc,LOCKHEED MARTIN CORPORATION,"Stratford, CT",1,Job_1039,Junior
Data Scientist I,National Commission on Certification of Physician...,"Johns Creek, GA",1,Job_1040,Junior
"Data Scientist Researcher- Houston, TX",Shell,"Houston, TX",1,Job_1041,Junior
Data Scientist,eureka strategic consulting,"Columbia, MD",1,Job_1042,Junior
Data Sciences & AI Graduate Programme - US,AstraZeneca,"Waltham, MA",1,Job_1043,Junior
FY20 Intern Conversion: Data Scientist,Walmart eCommerce,"San Bruno, CA",1,Job_1044,Entry
AI Algorithm Researcher/Engineer,Kwai Technology,"Palo Alto, CA",1,Job_1045,Junior
Sr. Data Scientist,"Amazon.com Services, Inc.","Herndon, VA",1,Job_1046,Senior
Statistical Programmer,"CTI Clinical Trial Services, Inc","Raleigh, NC",1,Job_1047,Junior
Data Engineer,Deep 6 AI,"Pasadena, CA",1,Job_1048,Junior
Data Scientist,Auriga Polymers Inc.,NA,1,Job_1049,Junior
Data Scientist,JLG,"Hagerstown, MD",1,Job_1050,Junior
Senior Data Scientist,XOR Security,"Chantilly, VA",1,Job_1051,Senior
Senior Data Scientist: Causal & Predictive analytics AI Inno...,Novartis,"Cambridge, MA",1,Job_1052,Senior
Data Engineering Intern (Summer 2020),Collins Aerospace,"Cedar Rapids, IA",1,Job_1053,Entry
Data Scientist (BS/MS/PhD),ExxonMobil,"Houston, TX",1,Job_1054,Junior
"Senior Data Scientist – Gen Chem, Novartis AI Innovation Lab",Novartis,"Cambridge, MA",1,Job_1055,Senior
"Data Scientist, Digital Machine Learning",Capital One - US,"Vienna, VA",1,Job_1056,Junior
Principal Data Scientist,Microsoft,"Bellevue, WA",1,Job_1057,Junior
Data Scientist (CI 001/DBE3),Scientific Systems and Software International Corp...,"Baltimore, MD",1,Job_1058,Junior
Data Scientist - Retail Analytics,Regions Bank,"Hoover, AL",1,Job_1059,Junior
Data Scientist Technical Specialist,Peraton,"Chantilly, VA",1,Job_1060,Junior
Technical Rotation Program-Data Scientist,"Lexmark International, Inc.","Lexington, KY",1,Job_1061,Junior
Post Doctoral Planetary Data Scientist,Johns Hopkins Applied Physics Laboratory (APL),"Laurel, MD",1,Job_1062,Junior
Data Scientist (Top Secret),NT Concepts,"Vienna, VA",1,Job_1063,Junior
Senior Data Scientist,Metis,"San Francisco, CA",1,Job_1064,Senior
"Senior Data Scientist – Visualization, Novartis AI Innovatio...",Novartis,"Cambridge, MA",1,Job_1065,Senior
Senior Data Scientist,Equifax,"Atlanta, GA",1,Job_1066,Senior
2020 University Intern - Data Scientist/Analytics,Phillips 66,"Houston, TX",1,Job_1067,Entry
Data Analyst I - Data Entry,Juristat,"Louis, MO",1,Job_1068,Entry
Data Scientist,Hertz,"Estero, FL",1,Job_1069,Junior
Data Scientist,XStream Trucking,"Redwood City, CA",1,Job_1070,Junior
Data Scientist,"Twitch Interactive, Inc.","San Francisco, CA",1,Job_1071,Junior
"Data Scientist, OCI",Oracle,"Culver City, CA",1,Job_1072,Junior
Data Scientist,Abstract Tokenization,"Seattle, WA",1,Job_1073,Junior
CIB data+design - Data Scientist - VP,JP Morgan Chase,"New York, NY",1,Job_1074,Junior
Data Scientist,Manulife,"Boston, MA",1,Job_1075,Junior
Data Scientist,Abercrombie and Fitch Co.,"Columbus, OH",1,Job_1076,Junior
Machine Learning Consultant,Forest Learning Co.,"Denver, CO",1,Job_1077,Junior
"Data Scientist, Principal",XPO Logistics,"Ann Arbor, MI",1,Job_1078,Junior
Data Scientist -Advanced Marketing Analytics,Spotify,"New York, NY",1,Job_1079,Junior
Data Engineer / Scientist,Skyline AI,"New York, NY",1,Job_1080,Junior
Lead Machine Learning Researcher,Diassu Software,"Crystal City, VA",1,Job_1081,Junior
Data Scientist/Data Science Instructor,NYC Data Science Academy,"New York, NY",1,Job_1082,Junior
Lead Data Scientist & Developer,Thrive Commerce,"Philadelphia, PA",1,Job_1083,Junior
Siri - ML Engineer - Data Organization,Apple,"Santa Clara Valley, CA",1,Job_1084,Junior
Data Scientist – Customer Science,Jet.com,"Hoboken, NJ",1,Job_1085,Junior
Machine Learning Engineer( Data Science ),Numero Data LLC,"Herndon, VA",1,Job_1086,Junior
Data Scientist II,Cox Automotive,"Atlanta, GA",1,Job_1087,Junior
Data Scientist,Applus,"Sugar Land, TX",1,Job_1088,Junior
Data Scientist,InsuraMatch,"Boston, MA",1,Job_1089,Junior
Senior Data Scientist,NBCUniversal,"New York, NY",1,Job_1090,Senior
Data Scientist,Voloridge Investment Management,"Jupiter, FL",1,Job_1091,Junior
Data Scientist II (Seattle),Hotwire,"Seattle, WA",1,Job_1092,Junior
Senior Data Scientist-Healthcare Outcomes,Cigna,NA,1,Job_1093,Senior
Data Scientist,Crowley,"Jacksonville, FL",1,Job_1094,Junior
Data Scientist,UST Global,"Aliso Viejo, CA",1,Job_1095,Junior
Data Scientist/Sr. Scientific Programmer (Researcher 6),University of Minnesota,"Minneapolis, MN",1,Job_1096,Senior
Associate Data Scientist,Swing Education,"San Mateo, CA",1,Job_1097,Junior
Data Scientist,Facebook,"Menlo Park, CA",1,Job_1098,Junior
Machine Learning Data Scientist,Wayfair,"Boston, MA",1,Job_1099,Junior
"Data Scientist, Analytics, Intern (PhD)",Facebook,"New York, NY",1,Job_1100,Entry
Data Scientist,New York City DEPT OF INFO TECH & TELECOMM,"Manhattan, NY",1,Job_1101,Junior
Intelligence/ Data Scientist Level 1,"Sentar, Inc.","Honolulu, HI",1,Job_1102,Junior
Data Scientist,Snapiotech.,"Cumming, GA",1,Job_1103,Junior
Data Scientist - Customer Analytics,Walmart,"San Bruno, CA",1,Job_1104,Junior
Data Scientist,Royal Caribbean Cruises Ltd.,"Miami, FL",1,Job_1105,Junior
Data Scientist,Transamerica,"Denver, CO",1,Job_1106,Junior
Data Scientist I,Jet Propulsion Laboratory,"La Cañada Flintridge, CA",1,Job_1107,Junior
"Data Scientist, Marketing",Capital One - US,"McLean, VA",1,Job_1108,Junior
Data Scientist I,Frederick National Laboratory,"San Francisco, CA",1,Job_1109,Junior
Data Scientist,Marathon Petroleum Corporation,"Findlay, OH",1,Job_1110,Junior
Data Scientist - AI/ML - Media & Entertainment,"Amazon Web Services, Inc.",NA,1,Job_1111,Junior
Assistant Ecological Data Scientist,Battelle,"Boulder, CO",1,Job_1112,Junior
Data Scientist,University of North Texas,"Denton, TX",1,Job_1113,Junior
Data Scientist,Adobe,"Boston, MA",1,Job_1114,Junior
Data Scientist,Schneider National,"Green Bay, WI",1,Job_1115,Junior
Data Scientist,Revlon,"New York, NY",1,Job_1116,Junior
Data Scientist,SoftVision - North America & UK,"New York, NY",1,Job_1117,Junior
Analytics Data Scientist Intern,Cleveland Clinic,"Independence, OH",1,Job_1118,Entry
Sr. Data Scientist,CarMax,"Richmond, VA",1,Job_1119,Senior
Data Scientist - Medicaid Fraud Control Unit (NYC),"Attorney General, Office of the","New York, NY",1,Job_1120,Junior
Product Data Scientist,"Amazon.com Services, Inc.","Seattle, WA",1,Job_1121,Junior
Vans Associate Data Scientist,Vans,"Costa Mesa, CA",1,Job_1122,Junior
Data Scientist,Mindstrong,"Mountain View, CA",1,Job_1123,Junior
Senior Data Scientist,IQVIA,"Durham, NC",1,Job_1124,Senior
Data Scientist,eTek IT Service,"Bradenton, FL",1,Job_1125,Junior
Senior Data Scientist,Collins Aerospace,"Rockford, IL",1,Job_1126,Senior
Data Scientist - Global Research & Analytic Development,Nielsen,"Needham, MA",1,Job_1127,Junior
Data Scientist,Elutions,"Delafield, WI",1,Job_1128,Junior
Global Data Scientist,Innovations for Poverty,"Washington, DC",1,Job_1129,Junior
Marketing Campaign Analytics Data Scientist - Consumer Bank,Chase,"Columbus, OH",1,Job_1130,Junior
Data Scientist,Nearpod,"Brooklyn, NY",1,Job_1131,Junior
DATA SCIENTIST,University of Washington,"Seattle, WA",1,Job_1132,Junior
Data Scientist,Apple,"Santa Clara Valley, CA",1,Job_1133,Junior
Data Scientist,Clarabridge,"Reston, VA",1,Job_1134,Junior
Data Scientist - Forecasting,goPuff,"Philadelphia, PA",1,Job_1135,Junior
Visualizatior* - Data Scientist,Huntington Ingalls Industries (HII-MDIS),"Fort Meade, MD",1,Job_1136,Junior
"Data Scientist, Lead",Booz Allen Hamilton,"Alexandria, VA",1,Job_1137,Junior
Associate Data Scientist/Data Scientist,PPL Corporation,"Allentown, PA",1,Job_1138,Junior
Data Scientist,"Continental Finance Company, LLC","Wilmington, DE",1,Job_1139,Junior
Data Scientist,Maxar Technologies,"Herndon, VA",1,Job_1140,Junior
Data Scientist - Bioinformatics,Transamerica,"Denver, CO",1,Job_1141,Junior
Data Scientist,CGG,"Houston, TX",1,Job_1142,Junior
Data Scientist,Precima,"Chicago, IL",1,Job_1143,Junior
Data Scientist,Micron,"San Jose, CA",1,Job_1144,Junior
Data Scientists – Machine Learning,Brielle Technologies,"Alpharetta, GA",1,Job_1145,Junior
Data Scientist,Psyonix,"San Diego, CA",1,Job_1146,Junior
Data Scientist,University Hospital,"Newark, NJ",1,Job_1147,Junior
Data Scientist-Talent Analytcs,Mercy Health,"Chesterfield, MO",1,Job_1148,Junior
Data Scientist - ML/AI,Getty Images,"New York, NY",1,Job_1149,Junior
Data Scientist,SelectMinds,"Houston, TX",1,Job_1150,Junior
"Data Scientist, Senior",Booz Allen Hamilton,"Denver, CO",1,Job_1151,Senior
Data Scientist Internship,Equifax,"Atlanta, GA",1,Job_1152,Entry
Data Scientist,Cottonwood Financial,"Irving, TX",1,Job_1153,Junior
Part-Time Deep Learning Software Developer,Penn State University,"University Park, PA",1,Job_1154,Junior
Operations Research Analyst / Data Scientist,Advanced Sciences and Technologies (AS&T),"Warrenton, VA",1,Job_1155,Junior
Data Scientist - Performance Profiling,Amazon Robotics LLC,"North Reading, MA",1,Job_1156,Junior
Data Modeler/Data Scientist,Royce Geospatial,"Springfield, VA",1,Job_1157,Junior
Data Scientist,"Exscribe, Inc.","Bethlehem, PA",1,Job_1158,Junior
Data Scientist – Personalization,Spotify,"Boston, MA",1,Job_1159,Junior
Data Scientist,The Learning Corp,"Newton, MA",1,Job_1160,Junior
DATA SCIENTIST-GENOMICS,University of Alabama at Birmingham,"Birmingham, AL",1,Job_1161,Junior
"Data Scientist, Snap Games",Snapchat,"Los Angeles, CA",1,Job_1162,Junior
DATA SCIENTIST,T and T Consulting Services Inc,"Falls Church, VA",1,Job_1163,Junior
Data Scientist,ShowClix Inc.,"Pittsburgh, PA",1,Job_1164,Junior
Sr. Data Scientist,Somshay LLC,"Irving, TX",1,Job_1165,Senior
Data Scientist,International Services Management,"Pittsburgh, PA",1,Job_1166,Junior
Chief Data Scientist,Love Justice International,"Denver, CO",1,Job_1167,Junior
Lead Data Scientist,Raybeam,"Mountain View, CA",1,Job_1168,Junior
Research Intern - Machine Learning,Microsoft,"Cambridge, MA",1,Job_1169,Entry
Senior Data Scientist,Strivr,"Menlo Park, CA",1,Job_1170,Senior
Data Scientist for Growing Internet of Things Company,Veracity Wireless,"San Diego, CA",1,Job_1171,Entry
Head of Scientific Data Provisioning,AstraZeneca,"Cambridge, MD",1,Job_1172,Junior
Applied Data Scientist,Yelp,"San Francisco, CA",1,Job_1173,Junior
Data Scientist,QRC Technologies,"Fredericksburg, VA",1,Job_1174,Junior
Data Scientist,Fabuwood Cabinetry Corp.,NA,1,Job_1175,Junior
Data Scientist,Nielsen,"Tampa, FL",1,Job_1176,Junior
Data Scientist,Sensor Tower,"San Francisco, CA",1,Job_1177,Junior
Data Scientist,Roku,"Santa Monica, CA",1,Job_1178,Junior
"Data Scientist, Analytics",Venmo,"New York, NY",1,Job_1179,Junior
Data Scientist,"Inscopix, Inc.","Palo Alto, CA",1,Job_1180,Junior
Data Scientist,Teespring,"San Francisco, CA",1,Job_1181,Junior
Data Scientist / ML Engineer,pulseData,"New York, NY",1,Job_1182,Junior
Image Analysis Data Scientist,Indigo,"Boston, MA",1,Job_1183,Junior
Data Visualization Data Scientist- Audit,Capital One - US,"McLean, VA",1,Job_1184,Junior
Principal Imaging Data Scientist,AstraZeneca,"Gaithersburg, MD",1,Job_1185,Junior
Qualitative Data Scientist 1,Salt Lake Community College,"Salt Lake City, UT",1,Job_1186,Junior
Senior Data Scientist,Digitas,"New York, NY",1,Job_1187,Senior
Data Scientist,Maine Technology Users Group,"Berwick, ME",1,Job_1188,Junior
Data Scientist-Master’s Degree Internship,Procter and Gamble,"Cincinnati, OH",1,Job_1189,Entry
Junior Data Scientist,"CGI Group, Inc.","Arlington, VA",1,Job_1190,Junior
Data Scientist,Root Insurance Company,"Columbus, OH",1,Job_1191,Junior
Data Scientist (Early career/ Mid-level/ Senior),KSM Consulting,"Indianapolis, IN",1,Job_1192,Senior
Data Scientist,Miles,"Redwood City, CA",1,Job_1193,Junior
Data Scientist,DeepHealth,"Cambridge, MA",1,Job_1194,Junior
Junior Data Scientist,CGI Veterans Jobs,"Arlington, VA",1,Job_1195,Junior
Data Scientist,Excella Consulting,"Arlington, VA",1,Job_1196,Junior
Staff Data Scientist - Machine Learning,The Walmart eCommerce Family of Brands,"New York, NY",1,Job_1197,Junior
Sr. Data Scientist,"Amazon.com Services, Inc.","Seattle, WA",1,Job_1198,Senior
Data Scientist,VROOM,"New York, NY",1,Job_1199,Junior
Data Scientist,Twitch,"San Francisco, CA",1,Job_1200,Junior
Data Scientist,"Two Sigma Investments, LLC.","New York, NY",1,Job_1201,Junior
People Data Scientist,Dropbox,"San Francisco, CA",1,Job_1202,Junior
Internship Opportunities for PhD Students: Data & Applied Sc...,Microsoft,"Redmond, WA",1,Job_1203,Entry
SR DATA SCIENTIST,Johnson & Johnson Family of Companies,"Spring House, PA",1,Job_1204,Junior
Clinical Informatics Data Scientist,Valley Children's Healthcare,"Madera, CA",1,Job_1205,Junior
Data Scientist / Developer (Junior to Mid-Level),"ASR Analytics, LLC","Washington, DC",1,Job_1206,Junior
Data Scientist,IT Concepts Inc.,"Vienna, VA",1,Job_1207,Junior
Machine Learning Scientist,"TAO Connect, Inc.","Saint Petersburg, FL",1,Job_1208,Junior
EPM - Machine Learning Platform,Apple,"Seattle, WA",1,Job_1209,Junior
Data Scientist - Performance Systems Engineering,Mitre Corporation,"McLean, VA",1,Job_1210,Junior
Language Data Analyst,TransPerfect,"Tempe, AZ",1,Job_1211,Junior
"Siri - Embedded Data Scientist, Data Organization",Apple,"Pittsburgh, PA",1,Job_1212,Junior
Field Data Scientist,"ADARA, Inc.","New York, NY",1,Job_1213,Junior
Sr. Data Scientist,Retrace Labs,"San Francisco, CA",1,Job_1214,Senior
Data Scientist,Mercer University,"Macon, GA",1,Job_1215,Junior
Data & Operation Analyst,Davis-Ulmer Sprinkler Co,"Albany, NY",1,Job_1216,Junior
Chief Data Scientist,BAE Systems,"Reston, VA",1,Job_1217,Junior
Senior Data Scientist,Juvo,"San Francisco, CA",1,Job_1218,Senior
Data Science Consultant,NC State University,"Raleigh, NC",1,Job_1219,Junior
Data Scientist,Silicon Valley Bank,"Tempe, AZ",1,Job_1220,Junior
Data Scientist,Joby Aviation,"San Carlos, CA",1,Job_1221,Junior
Data Scientist,Rubicon Project,"Boston, MA",1,Job_1222,Junior
Data Scientist,BICP,"San Francisco, CA",1,Job_1223,Junior
Senior Data Scientist,Kognetics,"Gahanna, OH",1,Job_1224,Senior
"Data Scientist in Broomfield, CO",Comcentric,"Broomfield, CO",1,Job_1225,Junior
Data Scientist,Cerner Corporation,"Kansas City, MO",1,Job_1226,Junior
Data Analyst/Scientist,DXC,NA,1,Job_1227,Junior
Data Scientist,Shutterfly,"Redwood City, CA",1,Job_1228,Junior
Senior Data Scientist,Proofpoint,"Durham, NC",1,Job_1229,Senior
Data Scientist,Diamond Resorts,"Orlando, FL",1,Job_1230,Junior
Data Scientist in Applied Artificial Intelligence,Codazen,"Salt Lake City, UT",1,Job_1231,Junior
Data Decision Scientist - New Products,Purchasing Power,"Atlanta, GA",1,Job_1232,Junior
Data Scientist,Aon,"Boston, MA",1,Job_1233,Junior
Data Scientist / Machine Learning Engineer,Ibotta,"Denver, CO",1,Job_1234,Junior
Data Scientist,Momentum Solar,"South Plainfield, NJ",1,Job_1235,Junior
Data Engineer – Logs,PERITUS.AI,"Palo Alto, CA",1,Job_1236,Junior
Machine Learning Software Intern,Cadence Design Systems,"Pittsburgh, PA",1,Job_1237,Entry
Senior Data Scientist,SwineTech,"Cedar Rapids, IA",1,Job_1238,Senior
Sr Data Scientist,SAS Institute,"Cary, NC",1,Job_1239,Junior
Data Scientist,"Vadata, Inc.","Denver, CO",1,Job_1240,Junior
Machine Learning Intern,TechFolds,NA,1,Job_1241,Entry
Research Associate - Data Science,Institute for Defense Analyses,"Washington, DC",1,Job_1242,Junior
Data Scientist,SparkCognition,"Austin, TX",1,Job_1243,Junior
Process Analyst/Data Scientist Internship,"Master Electronics, Inc.","Phoenix, AZ",1,Job_1244,Entry
Data Scientist,Guardian Eagle,"Boca Raton, FL",1,Job_1245,Junior
Data Scientist,CBRE,"Seattle, WA",1,Job_1246,Junior
Senior Data Scientist,XPO Logistics,"High Point, NC",1,Job_1247,Senior
Geology/Geo-Data Scientist,Apple,"Albany, OR",1,Job_1248,Junior
Search and Information Retrieval Engineer / Data Scientist (...,Central Intelligence Agency,"Santa Clara Valley, CA",1,Job_1249,Junior
Undergraduate Internship/Co-op Program - Data Scientist,Ford Motor Company,"Washington, DC",1,Job_1250,Entry
Data Scientist / Software Developer,CoreCompete,"Boston, MA",1,Job_1251,Junior
Data Scientist,Seen by Indeed,"Conshohocken, PA",1,Job_1252,Junior
Data Scientist-Machine Learning Specialist,Atlas Research,"Washington, DC",1,Job_1253,Junior
Data Scientist,Avanade,"Atlanta, GA",1,Job_1254,Junior
"Data Scientist, Bioinformatics",PatientsLikeMe,"Cambridge, MA",1,Job_1255,Junior
Data Science Intern,NICE inContact,"Salt Lake City, UT",1,Job_1256,Entry
Machine Learning - C++/TI OMAP/Jacinto,TISS,"Peachtree City, GA",1,Job_1257,Junior
Senior Data Analyst,Halfaker and Associates,"Fort Bragg, NC",1,Job_1258,Senior
Data Scientist/ Data Architect,Northwood Global Solutions,"Herndon, VA",1,Job_1259,Junior
Data Science Platform Engineer,LOCKHEED MARTIN CORPORATION,"Orlando, FL",1,Job_1260,Junior
Scientist - NLP/Data Mining,SEMA4,"Stamford, CT",1,Job_1261,Junior
Statistician/Data Scientist,"FGS, LLC","Springfield, VA",1,Job_1262,Junior
"Data Scientist, Lead",Booz Allen Hamilton,"McLean, VA",1,Job_1263,Junior
Sr. Data Scientist,Rolls-Royce,"Coraopolis, PA",1,Job_1264,Senior
"Sr. Associate, Data Scientist Optimization - Machine Learnin...",KPMG,"Washington, DC",1,Job_1265,Senior
Data Scientist,Beyond Finance,"Santa Fe, NM",1,Job_1266,Junior
Data Scientist,NorthShore University HealthSystem,"Skokie, IL",1,Job_1267,Junior
Risk & Decision Analyst/Data Scientist,Rent-A-Center,"Plano, TX",1,Job_1268,Junior
Data Scientist,Sportradar,"Menlo Park, CA",1,Job_1269,Junior
Data Scientist,Cybernetic Search,"Los Angeles, CA",1,Job_1270,Junior
VP of Data Science,Degreed,NA,1,Job_1271,Junior
Genomics Data Scientist,AccuraGen,"Menlo Park, CA",1,Job_1272,Junior
Data Scientist Intern,ViaSat,"Carlsbad, CA",1,Job_1273,Entry
Data Scientist,Ranker,"Los Angeles, CA",1,Job_1274,Junior
Data Scientist,Conversion Logic,"Los Angeles, CA",1,Job_1275,Junior
"Data Scientist, Analytics - Instagram ML",Facebook,"New York, NY",1,Job_1276,Junior
Data Decision Scientist - Merchandising,Purchasing Power,"Atlanta, GA",1,Job_1277,Junior
"Data Scientist, Auction & Delivery Intern",Facebook,"Menlo Park, CA",1,Job_1278,Entry
"Product Analyst, Data Scientist",GoPro,"San Diego, CA",1,Job_1279,Junior
